****** Device authentication begin *****
fmse: open success
fmse: select file success
fmse: verify pin success
fmse: import sm2key success
fmse: get random number success
fmse: encrypt data success
fmse: decrypt data success
****** Device authentication success *****
相机矫正参数初始化成功!
compile done.
INFO: Heap :ocm (0x18)
INFO: Heap :anonymous (0x2)
INFO: Heap :dmabuf (0x2)
INFO: Heap :unified (0x5)
[Debug] in [08], debug=0 manual=0
[ WARN:0] OpenCV | GStreamer warning: Embedded video playback halted; module source reported: Could not read from resource.
[ WARN:0] OpenCV | GStreamer warning: unable to start pipeline
[ WARN:0] OpenCV | GStreamer warning: GStreamer: pipeline have not been created
[Loop Start] named: LoopAI, period: 33(ms), cpu unspecified
[LAP] ====== 进入第 1/3 圈 ======
[STATUS] lap=1 mode=NORMAL speed=0.50 servo=1338 center=0.3
[NEW] mcSpeed=0 mcServo=100 buzzer=0
[TX] aa 00 00 00 64 00 dd 
[NEW] mcSpeed=0 mcServo=94 buzzer=0
[TX] aa 00 00 00 5e 00 dd 
[NEW] mcSpeed=0 mcServo=94 buzzer=0
[TX] aa 00 00 00 5e 00 dd 
[NEW] mcSpeed=0 mcServo=94 buzzer=0
[TX] aa 00 00 00 5e 00 dd 
[NEW] mcSpeed=0 mcServo=94 buzzer=0
[TX] aa 00 00 00 5e 00 dd 
[NEW] mcSpeed=0 mcServo=94 buzzer=0
[TX] aa 00 00 00 5e 00 dd 
[NEW] mcSpeed=0 mcServo=94 buzzer=0
[TX] aa 00 00 00 5e 00 dd 
[NEW] mcSpeed=0 mcServo=94 buzzer=0
[TX] aa 00 00 00 5e 00 dd 
[NEW] mcSpeed=0 mcServo=94 buzzer=0
[TX] aa 00 00 00 5e 00 dd 
[NEW] mcSpeed=0 mcServo=94 buzzer=0
[TX] aa 00 00 00 5e 00 dd 
[NEW] mcSpeed=0 mcServo=94 buzzer=0
[TX] aa 00 00 00 5e 00 dd 
[NEW] mcSpeed=0 mcServo=94 buzzer=0
[TX] aa 00 00 00 5e 00 dd 
[NEW] mcSpeed=0 mcServo=94 buzzer=0
[TX] aa 00 00 00 5e 00 dd 
[NEW] mcSpeed=0 mcServo=94 buzzer=0
[TX] aa 00 00 00 5e 00 dd 
[NEW] mcSpeed=0 mcServo=94 buzzer=0
[TX] aa 00 00 00 5e 00 dd 
[NEW] mcSpeed=0 mcServo=94 buzzer=0
[TX] aa 00 00 00 5e 00 dd 
[NEW] mcSpeed=0 mcServo=94 buzzer=0
[TX] aa 00 00 00 5e 00 dd 
[NEW] mcSpeed=0 mcServo=94 buzzer=0
[TX] aa 00 00 00 5e 00 dd 
[NEW] mcSpeed=0 mcServo=94 buzzer=0
[TX] aa 00 00 00 5e 00 dd 
[NEW] mcSpeed=0 mcServo=94 buzzer=0
[TX] aa 00 00 00 5e 00 dd 
[NEW] mcSpeed=0 mcServo=94 buzzer=0
[TX] aa 00 00 00 5e 00 dd 
[NEW] mcSpeed=0 mcServo=94 buzzer=0
[TX] aa 00 00 00 5e 00 dd 
[NEW] mcSpeed=0 mcServo=94 buzzer=0
[TX] aa 00 00 00 5e 00 dd 
[NEW] mcSpeed=0 mcServo=94 buzzer=0
[TX] aa 00 00 00 5e 00 dd 
[NEW] mcSpeed=0 mcServo=94 buzzer=0
[TX] aa 00 00 00 5e 00 dd 
[NEW] mcSpeed=0 mcServo=94 buzzer=0
[TX] aa 00 00 00 5e 00 dd 
[NEW] mcSpeed=0 mcServo=94 buzzer=0
[TX] aa 00 00 00 5e 00 dd 
[NEW] mcSpeed=0 mcServo=94 buzzer=0
[TX] aa 00 00 00 5e 00 dd 
[NEW] mcSpeed=0 mcServo=94 buzzer=0
[TX] aa 00 00 00 5e 00 dd 
[NEW] mcSpeed=0 mcServo=94 buzzer=0
[TX] aa 00 00 00 5e 00 dd 
[STATUS] lap=1 mode=NORMAL speed=0.50 servo=1429 center=0.3
[NEW] mcSpeed=0 mcServo=94 buzzer=0
[TX] aa 00 00 00 5e 00 dd 
[NEW] mcSpeed=0 mcServo=94 buzzer=0
[TX] aa 00 00 00 5e 00 dd 
[NEW] mcSpeed=0 mcServo=94 buzzer=0
[TX] aa 00 00 00 5e 00 dd 
[NEW] mcSpeed=0 mcServo=94 buzzer=0
[TX] aa 00 00 00 5e 00 dd 
[NEW] mcSpeed=0 mcServo=94 buzzer=0
[TX] aa 00 00 00 5e 00 dd 
[NEW] mcSpeed=0 mcServo=94 buzzer=0
[TX] aa 00 00 00 5e 00 dd 
[NEW] mcSpeed=0 mcServo=94 buzzer=0
[TX] aa 00 00 00 5e 00 dd 
[NEW] mcSpeed=0 mcServo=94 buzzer=0
[TX] aa 00 00 00 5e 00 dd 
[NEW] mcSpeed=0 mcServo=94 buzzer=0
[TX] aa 00 00 00 5e 00 dd 
[NEW] mcSpeed=0 mcServo=94 buzzer=0
[TX] aa 00 00 00 5e 00 dd 
[NEW] mcSpeed=0 mcServo=94 buzzer=0
[TX] aa 00 00 00 5e 00 dd 
[NEW] mcSpeed=0 mcServo=94 buzzer=0
[TX] aa 00 00 00 5e 00 dd 
[NEW] mcSpeed=0 mcServo=94 buzzer=0
[TX] aa 00 00 00 5e 00 dd 
[NEW] mcSpeed=0 mcServo=94 buzzer=0
[TX] aa 00 00 00 5e 00 dd 
[NEW] mcSpeed=0 mcServo=94 buzzer=0
[TX] aa 00 00 00 5e 00 dd 
[NEW] mcSpeed=0 mcServo=94 buzzer=0
[TX] aa 00 00 00 5e 00 dd 
[NEW] mcSpeed=0 mcServo=94 buzzer=0
[TX] aa 00 00 00 5e 00 dd 
[NEW] mcSpeed=0 mcServo=94 buzzer=0
[TX] aa 00 00 00 5e 00 dd 
[NEW] mcSpeed=0 mcServo=94 buzzer=0
[TX] aa 00 00 00 5e 00 dd 
[NEW] mcSpeed=45 mcServo=94 buzzer=0
[TX] aa 00 2d 00 5e 00 dd 
[NEW] mcSpeed=45 mcServo=94 buzzer=0
[TX] aa 00 2d 00 5e 00 dd 
[NEW] mcSpeed=45 mcServo=94 buzzer=0
[TX] aa 00 2d 00 5e 00 dd 
[NEW] mcSpeed=45 mcServo=94 buzzer=0
[TX] aa 00 2d 00 5e 00 dd 
[NEW] mcSpeed=45 mcServo=94 buzzer=0
[TX] aa 00 2d 00 5e 00 dd 
[NEW] mcSpeed=45 mcServo=93 buzzer=0
[TX] aa 00 2d 00 5d 00 dd 
[NEW] mcSpeed=45 mcServo=93 buzzer=0
[TX] aa 00 2d 00 5d 00 dd 
[NEW] mcSpeed=45 mcServo=92 buzzer=0
[TX] aa 00 2d 00 5c 00 dd 
[NEW] mcSpeed=45 mcServo=93 buzzer=0
[TX] aa 00 2d 00 5d 00 dd 
[NEW] mcSpeed=45 mcServo=93 buzzer=0
[TX] aa 00 2d 00 5d 00 dd 
[NEW] mcSpeed=45 mcServo=92 buzzer=0
[TX] aa 00 2d 00 5c 00 dd 
[STATUS] lap=1 mode=NORMAL speed=0.50 servo=1467 center=0.3
[NEW] mcSpeed=45 mcServo=92 buzzer=0
[TX] aa 00 2d 00 5c 00 dd 
[NEW] mcSpeed=45 mcServo=91 buzzer=0
[TX] aa 00 2d 00 5b 00 dd 
[NEW] mcSpeed=45 mcServo=91 buzzer=0
[TX] aa 00 2d 00 5b 00 dd 
[NEW] mcSpeed=45 mcServo=91 buzzer=0
[TX] aa 00 2d 00 5b 00 dd 
[NEW] mcSpeed=45 mcServo=94 buzzer=0
[TX] aa 00 2d 00 5e 00 dd 
[NEW] mcSpeed=45 mcServo=91 buzzer=0
[TX] aa 00 2d 00 5b 00 dd 
[NEW] mcSpeed=45 mcServo=91 buzzer=0
[TX] aa 00 2d 00 5b 00 dd 
[NEW] mcSpeed=45 mcServo=91 buzzer=0
[TX] aa 00 2d 00 5b 00 dd 
[NEW] mcSpeed=45 mcServo=90 buzzer=0
[TX] aa 00 2d 00 5a 00 dd 
[NEW] mcSpeed=45 mcServo=89 buzzer=0
[TX] aa 00 2d 00 59 00 dd 
[NEW] mcSpeed=45 mcServo=90 buzzer=0
[TX] aa 00 2d 00 5a 00 dd 
[NEW] mcSpeed=45 mcServo=90 buzzer=0
[TX] aa 00 2d 00 5a 00 dd 
[NEW] mcSpeed=45 mcServo=90 buzzer=0
[TX] aa 00 2d 00 5a 00 dd 
[NEW] mcSpeed=45 mcServo=91 buzzer=0
[TX] aa 00 2d 00 5b 00 dd 
[NEW] mcSpeed=45 mcServo=91 buzzer=0
[TX] aa 00 2d 00 5b 00 dd 
[NEW] mcSpeed=45 mcServo=92 buzzer=0
[TX] aa 00 2d 00 5c 00 dd 
[NEW] mcSpeed=45 mcServo=93 buzzer=0
[TX] aa 00 2d 00 5d 00 dd 
[NEW] mcSpeed=45 mcServo=93 buzzer=0
[TX] aa 00 2d 00 5d 00 dd 
[NEW] mcSpeed=45 mcServo=94 buzzer=0
[TX] aa 00 2d 00 5e 00 dd 
[NEW] mcSpeed=45 mcServo=104 buzzer=0
[TX] aa 00 2d 00 68 00 dd 
[NEW] mcSpeed=45 mcServo=111 buzzer=0
[TX] aa 00 2d 00 6f 00 dd 
[NEW] mcSpeed=45 mcServo=103 buzzer=0
[TX] aa 00 2d 00 67 00 dd 
[NEW] mcSpeed=45 mcServo=104 buzzer=0
[TX] aa 00 2d 00 68 00 dd 
[NEW] mcSpeed=45 mcServo=105 buzzer=0
[TX] aa 00 2d 00 69 00 dd 
[NEW] mcSpeed=45 mcServo=104 buzzer=0
[TX] aa 00 2d 00 68 00 dd 
[NEW] mcSpeed=45 mcServo=105 buzzer=0
[TX] aa 00 2d 00 69 00 dd 
[NEW] mcSpeed=45 mcServo=104 buzzer=0
[TX] aa 00 2d 00 68 00 dd 
[NEW] mcSpeed=45 mcServo=104 buzzer=0
[TX] aa 00 2d 00 68 00 dd 
[NEW] mcSpeed=45 mcServo=104 buzzer=0
[TX] aa 00 2d 00 68 00 dd 
[NEW] mcSpeed=45 mcServo=104 buzzer=0
[TX] aa 00 2d 00 68 00 dd 
[STATUS] lap=1 mode=NORMAL speed=0.50 servo=1258 center=0.3
[NEW] mcSpeed=45 mcServo=105 buzzer=0
[TX] aa 00 2d 00 69 00 dd 
[NEW] mcSpeed=45 mcServo=103 buzzer=0
[TX] aa 00 2d 00 67 00 dd 
[NEW] mcSpeed=45 mcServo=104 buzzer=0
[TX] aa 00 2d 00 68 00 dd 
[NEW] mcSpeed=45 mcServo=105 buzzer=0
[TX] aa 00 2d 00 69 00 dd 
[NEW] mcSpeed=45 mcServo=105 buzzer=0
[TX] aa 00 2d 00 69 00 dd 
[NEW] mcSpeed=45 mcServo=105 buzzer=0
[TX] aa 00 2d 00 69 00 dd 
[NEW] mcSpeed=45 mcServo=105 buzzer=0
[TX] aa 00 2d 00 69 00 dd 
[NEW] mcSpeed=45 mcServo=106 buzzer=0
[TX] aa 00 2d 00 6a 00 dd 
[NEW] mcSpeed=45 mcServo=104 buzzer=0
[TX] aa 00 2d 00 68 00 dd 
[NEW] mcSpeed=45 mcServo=107 buzzer=0
[TX] aa 00 2d 00 6b 00 dd 
[NEW] mcSpeed=45 mcServo=106 buzzer=0
[TX] aa 00 2d 00 6a 00 dd 
[NEW] mcSpeed=45 mcServo=106 buzzer=0
[TX] aa 00 2d 00 6a 00 dd 
[NEW] mcSpeed=36 mcServo=107 buzzer=1
[TX] aa 00 24 00 6b 01 dd 
[NEW] mcSpeed=36 mcServo=106 buzzer=0
[TX] aa 00 24 00 6a 00 dd 
[NEW] mcSpeed=36 mcServo=107 buzzer=0
[TX] aa 00 24 00 6b 00 dd 
[NEW] mcSpeed=36 mcServo=106 buzzer=0
[TX] aa 00 24 00 6a 00 dd 
[NEW] mcSpeed=36 mcServo=107 buzzer=0
[TX] aa 00 24 00 6b 00 dd 
[NEW] mcSpeed=36 mcServo=106 buzzer=0
[TX] aa 00 24 00 6a 00 dd 
[NEW] mcSpeed=36 mcServo=95 buzzer=0
[TX] aa 00 24 00 5f 00 dd 
[NEW] mcSpeed=36 mcServo=90 buzzer=0
[TX] aa 00 24 00 5a 00 dd 
[NEW] mcSpeed=36 mcServo=85 buzzer=0
[TX] aa 00 24 00 55 00 dd 
[NEW] mcSpeed=45 mcServo=91 buzzer=0
[TX] aa 00 2d 00 5b 00 dd 
[NEW] mcSpeed=45 mcServo=89 buzzer=1
[TX] aa 00 2d 00 59 01 dd 
[NEW] mcSpeed=45 mcServo=88 buzzer=0
[TX] aa 00 2d 00 58 00 dd 
[NEW] mcSpeed=45 mcServo=88 buzzer=0
[TX] aa 00 2d 00 58 00 dd 
[NEW] mcSpeed=45 mcServo=88 buzzer=0
[TX] aa 00 2d 00 58 00 dd 
[NEW] mcSpeed=45 mcServo=89 buzzer=0
[TX] aa 00 2d 00 59 00 dd 
[NEW] mcSpeed=45 mcServo=89 buzzer=0
[TX] aa 00 2d 00 59 00 dd 
[NEW] mcSpeed=45 mcServo=89 buzzer=0
[TX] aa 00 2d 00 59 00 dd 
[NEW] mcSpeed=45 mcServo=90 buzzer=0
[TX] aa 00 2d 00 5a 00 dd 
[STATUS] lap=1 mode=NORMAL speed=0.50 servo=1503 center=0.3
[NEW] mcSpeed=45 mcServo=90 buzzer=0
[TX] aa 00 2d 00 5a 00 dd 
[NEW] mcSpeed=45 mcServo=90 buzzer=0
[TX] aa 00 2d 00 5a 00 dd 
[NEW] mcSpeed=45 mcServo=90 buzzer=1
[TX] aa 00 2d 00 5a 01 dd 
[NEW] mcSpeed=45 mcServo=90 buzzer=0
[TX] aa 00 2d 00 5a 00 dd 
[NEW] mcSpeed=45 mcServo=91 buzzer=0
[TX] aa 00 2d 00 5b 00 dd 
[NEW] mcSpeed=45 mcServo=91 buzzer=0
[TX] aa 00 2d 00 5b 00 dd 
[NEW] mcSpeed=45 mcServo=91 buzzer=0
[TX] aa 00 2d 00 5b 00 dd 
[NEW] mcSpeed=45 mcServo=92 buzzer=0
[TX] aa 00 2d 00 5c 00 dd 
[NEW] mcSpeed=45 mcServo=92 buzzer=0
[TX] aa 00 2d 00 5c 00 dd 
[NEW] mcSpeed=45 mcServo=92 buzzer=0
[TX] aa 00 2d 00 5c 00 dd 
[NEW] mcSpeed=45 mcServo=92 buzzer=0
[TX] aa 00 2d 00 5c 00 dd 
[NEW] mcSpeed=45 mcServo=94 buzzer=0
[TX] aa 00 2d 00 5e 00 dd 
[NEW] mcSpeed=45 mcServo=93 buzzer=0
[TX] aa 00 2d 00 5d 00 dd 
[NEW] mcSpeed=45 mcServo=93 buzzer=0
[TX] aa 00 2d 00 5d 00 dd 
[NEW] mcSpeed=45 mcServo=93 buzzer=0
[TX] aa 00 2d 00 5d 00 dd 
[NEW] mcSpeed=45 mcServo=93 buzzer=0
[TX] aa 00 2d 00 5d 00 dd 
[NEW] mcSpeed=45 mcServo=93 buzzer=0
[TX] aa 00 2d 00 5d 00 dd 
[NEW] mcSpeed=45 mcServo=93 buzzer=0
[TX] aa 00 2d 00 5d 00 dd 
[NEW] mcSpeed=36 mcServo=93 buzzer=0
[TX] aa 00 24 00 5d 00 dd 
[NEW] mcSpeed=36 mcServo=92 buzzer=0
[TX] aa 00 24 00 5c 00 dd 
[NEW] mcSpeed=36 mcServo=92 buzzer=0
[TX] aa 00 24 00 5c 00 dd 
[NEW] mcSpeed=36 mcServo=92 buzzer=1
[TX] aa 00 24 00 5c 01 dd 
[NEW] mcSpeed=36 mcServo=91 buzzer=0
[TX] aa 00 24 00 5b 00 dd 
[NEW] mcSpeed=36 mcServo=91 buzzer=0
[TX] aa 00 24 00 5b 00 dd 
[NEW] mcSpeed=36 mcServo=90 buzzer=0
[TX] aa 00 24 00 5a 00 dd 
[NEW] mcSpeed=36 mcServo=89 buzzer=0
[TX] aa 00 24 00 59 00 dd 
[NEW] mcSpeed=45 mcServo=89 buzzer=0
[TX] aa 00 2d 00 59 00 dd 
[NEW] mcSpeed=45 mcServo=89 buzzer=0
[TX] aa 00 2d 00 59 00 dd 
[NEW] mcSpeed=45 mcServo=89 buzzer=0
[TX] aa 00 2d 00 59 00 dd 
[NEW] mcSpeed=45 mcServo=88 buzzer=0
[TX] aa 00 2d 00 58 00 dd 
[STATUS] lap=1 mode=NORMAL speed=0.50 servo=1534 center=0.3
[NEW] mcSpeed=45 mcServo=88 buzzer=0
[TX] aa 00 2d 00 58 00 dd 
[NEW] mcSpeed=45 mcServo=90 buzzer=1
[TX] aa 00 2d 00 5a 01 dd 
[NEW] mcSpeed=45 mcServo=90 buzzer=0
[TX] aa 00 2d 00 5a 00 dd 
[NEW] mcSpeed=45 mcServo=90 buzzer=0
[TX] aa 00 2d 00 5a 00 dd 
[NEW] mcSpeed=45 mcServo=88 buzzer=0
[TX] aa 00 2d 00 58 00 dd 
[NEW] mcSpeed=45 mcServo=87 buzzer=0
[TX] aa 00 2d 00 57 00 dd 
[NEW] mcSpeed=45 mcServo=85 buzzer=0
[TX] aa 00 2d 00 55 00 dd 
[NEW] mcSpeed=45 mcServo=85 buzzer=0
[TX] aa 00 2d 00 55 00 dd 
[NEW] mcSpeed=45 mcServo=85 buzzer=0
[TX] aa 00 2d 00 55 00 dd 
[NEW] mcSpeed=45 mcServo=83 buzzer=0
[TX] aa 00 2d 00 53 00 dd 
[NEW] mcSpeed=45 mcServo=84 buzzer=0
[TX] aa 00 2d 00 54 00 dd 
[NEW] mcSpeed=45 mcServo=85 buzzer=1
[TX] aa 00 2d 00 55 01 dd 
[NEW] mcSpeed=45 mcServo=85 buzzer=0
[TX] aa 00 2d 00 55 00 dd 
[NEW] mcSpeed=45 mcServo=85 buzzer=0
[TX] aa 00 2d 00 55 00 dd 
[NEW] mcSpeed=45 mcServo=85 buzzer=0
[TX] aa 00 2d 00 55 00 dd 
[NEW] mcSpeed=45 mcServo=86 buzzer=0
[TX] aa 00 2d 00 56 00 dd 
[NEW] mcSpeed=45 mcServo=87 buzzer=0
[TX] aa 00 2d 00 57 00 dd 
[NEW] mcSpeed=36 mcServo=88 buzzer=0
[TX] aa 00 24 00 58 00 dd 
[NEW] mcSpeed=36 mcServo=88 buzzer=0
[TX] aa 00 24 00 58 00 dd 
[NEW] mcSpeed=36 mcServo=90 buzzer=0
[TX] aa 00 24 00 5a 00 dd 
[NEW] mcSpeed=36 mcServo=90 buzzer=0
[TX] aa 00 24 00 5a 00 dd 
[NEW] mcSpeed=36 mcServo=91 buzzer=0
[TX] aa 00 24 00 5b 00 dd 
[NEW] mcSpeed=36 mcServo=88 buzzer=0
[TX] aa 00 24 00 58 00 dd 
[NEW] mcSpeed=36 mcServo=90 buzzer=0
[TX] aa 00 24 00 5a 00 dd 
[NEW] mcSpeed=36 mcServo=90 buzzer=0
[TX] aa 00 24 00 5a 00 dd 
[NEW] mcSpeed=36 mcServo=90 buzzer=0
[TX] aa 00 24 00 5a 00 dd 
[NEW] mcSpeed=36 mcServo=90 buzzer=0
[TX] aa 00 24 00 5a 00 dd 
[NEW] mcSpeed=36 mcServo=90 buzzer=0
[TX] aa 00 24 00 5a 00 dd 
[NEW] mcSpeed=36 mcServo=90 buzzer=0
[TX] aa 00 24 00 5a 00 dd 
[NEW] mcSpeed=36 mcServo=91 buzzer=0
[TX] aa 00 24 00 5b 00 dd 
[STATUS] lap=1 mode=NORMAL speed=0.40 servo=1479 center=0.0
[NEW] mcSpeed=36 mcServo=91 buzzer=0
[TX] aa 00 24 00 5b 00 dd 
[NEW] mcSpeed=36 mcServo=91 buzzer=0
[TX] aa 00 24 00 5b 00 dd 
[NEW] mcSpeed=36 mcServo=92 buzzer=0
[TX] aa 00 24 00 5c 00 dd 
[NEW] mcSpeed=36 mcServo=93 buzzer=0
[TX] aa 00 24 00 5d 00 dd 
[NEW] mcSpeed=36 mcServo=89 buzzer=0
[TX] aa 00 24 00 59 00 dd 
[NEW] mcSpeed=36 mcServo=100 buzzer=0
[TX] aa 00 24 00 64 00 dd 
[NEW] mcSpeed=36 mcServo=106 buzzer=0
[TX] aa 00 24 00 6a 00 dd 
[NEW] mcSpeed=36 mcServo=99 buzzer=0
[TX] aa 00 24 00 63 00 dd 
[NEW] mcSpeed=36 mcServo=100 buzzer=0
[TX] aa 00 24 00 64 00 dd 
[NEW] mcSpeed=36 mcServo=101 buzzer=0
[TX] aa 00 24 00 65 00 dd 
[NEW] mcSpeed=36 mcServo=101 buzzer=0
[TX] aa 00 24 00 65 00 dd 
[NEW] mcSpeed=36 mcServo=101 buzzer=0
[TX] aa 00 24 00 65 00 dd 
[NEW] mcSpeed=36 mcServo=101 buzzer=0
[TX] aa 00 24 00 65 00 dd 
[NEW] mcSpeed=36 mcServo=99 buzzer=0
[TX] aa 00 24 00 63 00 dd 
[NEW] mcSpeed=36 mcServo=112 buzzer=0
[TX] aa 00 24 00 70 00 dd 
[NEW] mcSpeed=36 mcServo=103 buzzer=0
[TX] aa 00 24 00 67 00 dd 
[NEW] mcSpeed=36 mcServo=105 buzzer=0
[TX] aa 00 24 00 69 00 dd 
[NEW] mcSpeed=36 mcServo=105 buzzer=0
[TX] aa 00 24 00 69 00 dd 
[NEW] mcSpeed=45 mcServo=104 buzzer=0
[TX] aa 00 2d 00 68 00 dd 
[NEW] mcSpeed=45 mcServo=93 buzzer=0
[TX] aa 00 2d 00 5d 00 dd 
[NEW] mcSpeed=45 mcServo=89 buzzer=0
[TX] aa 00 2d 00 59 00 dd 
[NEW] mcSpeed=45 mcServo=97 buzzer=0
[TX] aa 00 2d 00 61 00 dd 
[NEW] mcSpeed=45 mcServo=95 buzzer=0
[TX] aa 00 2d 00 5f 00 dd 
[NEW] mcSpeed=45 mcServo=96 buzzer=0
[TX] aa 00 2d 00 60 00 dd 
[NEW] mcSpeed=45 mcServo=95 buzzer=0
[TX] aa 00 2d 00 5f 00 dd 
[NEW] mcSpeed=45 mcServo=101 buzzer=0
[TX] aa 00 2d 00 65 00 dd 
[NEW] mcSpeed=45 mcServo=102 buzzer=0
[TX] aa 00 2d 00 66 00 dd 
[NEW] mcSpeed=45 mcServo=102 buzzer=0
[TX] aa 00 2d 00 66 00 dd 
[NEW] mcSpeed=45 mcServo=96 buzzer=0
[TX] aa 00 2d 00 60 00 dd 
[NEW] mcSpeed=45 mcServo=103 buzzer=0
[TX] aa 00 2d 00 67 00 dd 
[NEW] mcSpeed=18 mcServo=112 buzzer=1
[TX] aa 00 12 00 70 01 dd 
[NEW] mcSpeed=18 mcServo=106 buzzer=0
[TX] aa 00 12 00 6a 00 dd 
[NEW] mcSpeed=18 mcServo=106 buzzer=0
[TX] aa 00 12 00 6a 00 dd 
[NEW] mcSpeed=18 mcServo=115 buzzer=0
[TX] aa 00 12 00 73 00 dd 
[NEW] mcSpeed=18 mcServo=115 buzzer=0
[TX] aa 00 12 00 73 00 dd 
[NEW] mcSpeed=18 mcServo=115 buzzer=0
[TX] aa 00 12 00 73 00 dd 
[NEW] mcSpeed=18 mcServo=102 buzzer=0
[TX] aa 00 12 00 66 00 dd 
[NEW] mcSpeed=18 mcServo=109 buzzer=0
[TX] aa 00 12 00 6d 00 dd 
[NEW] mcSpeed=18 mcServo=108 buzzer=0
[TX] aa 00 12 00 6c 00 dd 
[NEW] mcSpeed=18 mcServo=115 buzzer=0
[TX] aa 00 12 00 73 00 dd 
[NEW] mcSpeed=18 mcServo=103 buzzer=0
[TX] aa 00 12 00 67 00 dd 
[NEW] mcSpeed=18 mcServo=115 buzzer=0
[TX] aa 00 12 00 73 00 dd 
[NEW] mcSpeed=18 mcServo=103 buzzer=0
[TX] aa 00 12 00 67 00 dd 
[NEW] mcSpeed=18 mcServo=115 buzzer=0
[TX] aa 00 12 00 73 00 dd 
[NEW] mcSpeed=18 mcServo=115 buzzer=0
[TX] aa 00 12 00 73 00 dd 
[NEW] mcSpeed=18 mcServo=115 buzzer=0
[TX] aa 00 12 00 73 00 dd 
[NEW] mcSpeed=18 mcServo=115 buzzer=0
[TX] aa 00 12 00 73 00 dd 
[NEW] mcSpeed=18 mcServo=115 buzzer=0
[TX] aa 00 12 00 73 00 dd 
[NEW] mcSpeed=18 mcServo=115 buzzer=0
[TX] aa 00 12 00 73 00 dd 
[NEW] mcSpeed=18 mcServo=107 buzzer=0
[TX] aa 00 12 00 6b 00 dd 
[NEW] mcSpeed=18 mcServo=100 buzzer=0
[TX] aa 00 12 00 64 00 dd 
[NEW] mcSpeed=18 mcServo=94 buzzer=0
[TX] aa 00 12 00 5e 00 dd 
[NEW] mcSpeed=18 mcServo=100 buzzer=0
[TX] aa 00 12 00 64 00 dd 
[NEW] mcSpeed=18 mcServo=111 buzzer=0
[TX] aa 00 12 00 6f 00 dd 
[NEW] mcSpeed=18 mcServo=115 buzzer=0
[TX] aa 00 12 00 73 00 dd 
[NEW] mcSpeed=18 mcServo=114 buzzer=0
[TX] aa 00 12 00 72 00 dd 
[NEW] mcSpeed=18 mcServo=112 buzzer=0
[TX] aa 00 12 00 70 00 dd 
[NEW] mcSpeed=18 mcServo=112 buzzer=0
[TX] aa 00 12 00 70 00 dd 
[NEW] mcSpeed=18 mcServo=110 buzzer=0
[TX] aa 00 12 00 6e 00 dd 
[NEW] mcSpeed=18 mcServo=110 buzzer=0
[TX] aa 00 12 00 6e 00 dd 
[NEW] mcSpeed=18 mcServo=109 buzzer=0
[TX] aa 00 12 00 6d 00 dd 
[NEW] mcSpeed=18 mcServo=115 buzzer=0
[TX] aa 00 12 00 73 00 dd 
[NEW] mcSpeed=18 mcServo=115 buzzer=0
[TX] aa 00 12 00 73 00 dd 
[NEW] mcSpeed=18 mcServo=115 buzzer=0
[TX] aa 00 12 00 73 00 dd 
[NEW] mcSpeed=18 mcServo=115 buzzer=0
[TX] aa 00 12 00 73 00 dd 
[NEW] mcSpeed=18 mcServo=115 buzzer=0
[TX] aa 00 12 00 73 00 dd 
[NEW] mcSpeed=18 mcServo=114 buzzer=0
[TX] aa 00 12 00 72 00 dd 
[NEW] mcSpeed=18 mcServo=113 buzzer=0
[TX] aa 00 12 00 71 00 dd 
[NEW] mcSpeed=18 mcServo=112 buzzer=0
[TX] aa 00 12 00 70 00 dd 
[NEW] mcSpeed=18 mcServo=111 buzzer=0
[TX] aa 00 12 00 6f 00 dd 
[NEW] mcSpeed=18 mcServo=111 buzzer=0
[TX] aa 00 12 00 6f 00 dd 
[NEW] mcSpeed=18 mcServo=110 buzzer=0
[TX] aa 00 12 00 6e 00 dd 
[NEW] mcSpeed=18 mcServo=109 buzzer=0
[TX] aa 00 12 00 6d 00 dd 
[NEW] mcSpeed=18 mcServo=108 buzzer=0
[TX] aa 00 12 00 6c 00 dd 
[NEW] mcSpeed=18 mcServo=107 buzzer=0
[TX] aa 00 12 00 6b 00 dd 
[NEW] mcSpeed=18 mcServo=103 buzzer=0
[TX] aa 00 12 00 67 00 dd 
[NEW] mcSpeed=18 mcServo=103 buzzer=0
[TX] aa 00 12 00 67 00 dd 
[NEW] mcSpeed=18 mcServo=102 buzzer=0
[TX] aa 00 12 00 66 00 dd 
[NEW] mcSpeed=18 mcServo=102 buzzer=0
[TX] aa 00 12 00 66 00 dd 
[NEW] mcSpeed=18 mcServo=101 buzzer=0
[TX] aa 00 12 00 65 00 dd 
[NEW] mcSpeed=18 mcServo=101 buzzer=0
[TX] aa 00 12 00 65 00 dd 
[NEW] mcSpeed=18 mcServo=101 buzzer=0
[TX] aa 00 12 00 65 00 dd 
[NEW] mcSpeed=18 mcServo=101 buzzer=0
[TX] aa 00 12 00 65 00 dd 
[NEW] mcSpeed=18 mcServo=101 buzzer=0
[TX] aa 00 12 00 65 00 dd 
[NEW] mcSpeed=18 mcServo=101 buzzer=0
[TX] aa 00 12 00 65 00 dd 
[NEW] mcSpeed=18 mcServo=101 buzzer=0
[TX] aa 00 12 00 65 00 dd 
[NEW] mcSpeed=18 mcServo=101 buzzer=0
[TX] aa 00 12 00 65 00 dd 
[NEW] mcSpeed=18 mcServo=103 buzzer=0
[TX] aa 00 12 00 67 00 dd 
[NEW] mcSpeed=18 mcServo=102 buzzer=0
[TX] aa 00 12 00 66 00 dd 
[NEW] mcSpeed=18 mcServo=102 buzzer=0
[TX] aa 00 12 00 66 00 dd 
[NEW] mcSpeed=18 mcServo=100 buzzer=0
[TX] aa 00 12 00 64 00 dd 
[NEW] mcSpeed=18 mcServo=101 buzzer=0
[TX] aa 00 12 00 65 00 dd 
[NEW] mcSpeed=18 mcServo=101 buzzer=0
[TX] aa 00 12 00 65 00 dd 
[NEW] mcSpeed=18 mcServo=101 buzzer=0
[TX] aa 00 12 00 65 00 dd 
[NEW] mcSpeed=18 mcServo=101 buzzer=0
[TX] aa 00 12 00 65 00 dd 
[NEW] mcSpeed=18 mcServo=90 buzzer=0
[TX] aa 00 12 00 5a 00 dd 
[NEW] mcSpeed=18 mcServo=90 buzzer=0
[TX] aa 00 12 00 5a 00 dd 
[NEW] mcSpeed=18 mcServo=91 buzzer=0
[TX] aa 00 12 00 5b 00 dd 
[NEW] mcSpeed=18 mcServo=90 buzzer=0
[TX] aa 00 12 00 5a 00 dd 
[NEW] mcSpeed=18 mcServo=90 buzzer=0
[TX] aa 00 12 00 5a 00 dd 
[NEW] mcSpeed=18 mcServo=90 buzzer=0
[TX] aa 00 12 00 5a 00 dd 
[NEW] mcSpeed=18 mcServo=89 buzzer=0
[TX] aa 00 12 00 59 00 dd 
[NEW] mcSpeed=18 mcServo=88 buzzer=0
[TX] aa 00 12 00 58 00 dd 
[NEW] mcSpeed=18 mcServo=88 buzzer=0
[TX] aa 00 12 00 58 00 dd 
[NEW] mcSpeed=18 mcServo=98 buzzer=0
[TX] aa 00 12 00 62 00 dd 
[NEW] mcSpeed=18 mcServo=103 buzzer=0
[TX] aa 00 12 00 67 00 dd 
[NEW] mcSpeed=18 mcServo=109 buzzer=0
[TX] aa 00 12 00 6d 00 dd 
[NEW] mcSpeed=18 mcServo=101 buzzer=0
[TX] aa 00 12 00 65 00 dd 
[NEW] mcSpeed=18 mcServo=91 buzzer=0
[TX] aa 00 12 00 5b 00 dd 
[NEW] mcSpeed=18 mcServo=87 buzzer=0
[TX] aa 00 12 00 57 00 dd 
[NEW] mcSpeed=18 mcServo=82 buzzer=0
[TX] aa 00 12 00 52 00 dd 
[NEW] mcSpeed=18 mcServo=77 buzzer=0
[TX] aa 00 12 00 4d 00 dd 
[NEW] mcSpeed=18 mcServo=85 buzzer=0
[TX] aa 00 12 00 55 00 dd 
[NEW] mcSpeed=18 mcServo=83 buzzer=0
[TX] aa 00 12 00 53 00 dd 
[NEW] mcSpeed=18 mcServo=83 buzzer=0
[TX] aa 00 12 00 53 00 dd 
[NEW] mcSpeed=18 mcServo=84 buzzer=0
[TX] aa 00 12 00 54 00 dd 
[NEW] mcSpeed=18 mcServo=84 buzzer=0
[TX] aa 00 12 00 54 00 dd 
[NEW] mcSpeed=18 mcServo=84 buzzer=0
[TX] aa 00 12 00 54 00 dd 
[NEW] mcSpeed=18 mcServo=84 buzzer=0
[TX] aa 00 12 00 54 00 dd 
[NEW] mcSpeed=18 mcServo=84 buzzer=0
[TX] aa 00 12 00 54 00 dd 
[NEW] mcSpeed=18 mcServo=84 buzzer=0
[TX] aa 00 12 00 54 00 dd 
[NEW] mcSpeed=18 mcServo=84 buzzer=0
[TX] aa 00 12 00 54 00 dd 
[NEW] mcSpeed=18 mcServo=84 buzzer=0
[TX] aa 00 12 00 54 00 dd 
[NEW] mcSpeed=18 mcServo=84 buzzer=0
[TX] aa 00 12 00 54 00 dd 
[NEW] mcSpeed=18 mcServo=85 buzzer=0
[TX] aa 00 12 00 55 00 dd 
[NEW] mcSpeed=18 mcServo=83 buzzer=0
[TX] aa 00 12 00 53 00 dd 
[NEW] mcSpeed=18 mcServo=83 buzzer=0
[TX] aa 00 12 00 53 00 dd 
[NEW] mcSpeed=18 mcServo=83 buzzer=0
[TX] aa 00 12 00 53 00 dd 
[NEW] mcSpeed=18 mcServo=83 buzzer=0
[TX] aa 00 12 00 53 00 dd 
[NEW] mcSpeed=18 mcServo=72 buzzer=0
[TX] aa 00 12 00 48 00 dd 
[NEW] mcSpeed=18 mcServo=88 buzzer=0
[TX] aa 00 12 00 58 00 dd 
[NEW] mcSpeed=18 mcServo=72 buzzer=0
[TX] aa 00 12 00 48 00 dd 
[NEW] mcSpeed=18 mcServo=65 buzzer=0
[TX] aa 00 12 00 41 00 dd 
[NEW] mcSpeed=18 mcServo=75 buzzer=0
[TX] aa 00 12 00 4b 00 dd 
[NEW] mcSpeed=18 mcServo=85 buzzer=0
[TX] aa 00 12 00 55 00 dd 
[NEW] mcSpeed=18 mcServo=84 buzzer=0
[TX] aa 00 12 00 54 00 dd 
[NEW] mcSpeed=18 mcServo=82 buzzer=0
[TX] aa 00 12 00 52 00 dd 
[NEW] mcSpeed=18 mcServo=83 buzzer=0
[TX] aa 00 12 00 53 00 dd 
[NEW] mcSpeed=18 mcServo=83 buzzer=0
[TX] aa 00 12 00 53 00 dd 
[NEW] mcSpeed=18 mcServo=83 buzzer=0
[TX] aa 00 12 00 53 00 dd 
[NEW] mcSpeed=18 mcServo=83 buzzer=0
[TX] aa 00 12 00 53 00 dd 
[NEW] mcSpeed=18 mcServo=85 buzzer=0
[TX] aa 00 12 00 55 00 dd 
[NEW] mcSpeed=18 mcServo=81 buzzer=0
[TX] aa 00 12 00 51 00 dd 
[NEW] mcSpeed=18 mcServo=83 buzzer=0
[TX] aa 00 12 00 53 00 dd 
[NEW] mcSpeed=18 mcServo=83 buzzer=0
[TX] aa 00 12 00 53 00 dd 
[NEW] mcSpeed=18 mcServo=82 buzzer=0
[TX] aa 00 12 00 52 00 dd 
[NEW] mcSpeed=0 mcServo=92 buzzer=0
[TX] aa 00 00 00 5c 00 dd 
[NEW] mcSpeed=0 mcServo=77 buzzer=0
[TX] aa 00 00 00 4d 00 dd 
[NEW] mcSpeed=0 mcServo=71 buzzer=0
[TX] aa 00 00 00 47 00 dd 
[NEW] mcSpeed=0 mcServo=73 buzzer=0
[TX] aa 00 00 00 49 00 dd 
[NEW] mcSpeed=0 mcServo=75 buzzer=0
[TX] aa 00 00 00 4b 00 dd 
[NEW] mcSpeed=0 mcServo=75 buzzer=0
[TX] aa 00 00 00 4b 00 dd 
[NEW] mcSpeed=0 mcServo=75 buzzer=0
[TX] aa 00 00 00 4b 00 dd 
[NEW] mcSpeed=0 mcServo=75 buzzer=0
[TX] aa 00 00 00 4b 00 dd 
[NEW] mcSpeed=0 mcServo=75 buzzer=0
[TX] aa 00 00 00 4b 00 dd 
[NEW] mcSpeed=0 mcServo=74 buzzer=0
[TX] aa 00 00 00 4a 00 dd 
[NEW] mcSpeed=0 mcServo=74 buzzer=0
[TX] aa 00 00 00 4a 00 dd 
[NEW] mcSpeed=0 mcServo=74 buzzer=0
[TX] aa 00 00 00 4a 00 dd 
[NEW] mcSpeed=0 mcServo=74 buzzer=0
[TX] aa 00 00 00 4a 00 dd 
[NEW] mcSpeed=0 mcServo=73 buzzer=0
[TX] aa 00 00 00 49 00 dd 
[NEW] mcSpeed=0 mcServo=74 buzzer=0
[TX] aa 00 00 00 4a 00 dd 
[NEW] mcSpeed=0 mcServo=73 buzzer=0
[TX] aa 00 00 00 49 00 dd 
[NEW] mcSpeed=0 mcServo=74 buzzer=0
[TX] aa 00 00 00 4a 00 dd 
[NEW] mcSpeed=0 mcServo=74 buzzer=0
[TX] aa 00 00 00 4a 00 dd 
[NEW] mcSpeed=0 mcServo=73 buzzer=0
[TX] aa 00 00 00 49 00 dd 
[NEW] mcSpeed=0 mcServo=73 buzzer=0
[TX] aa 00 00 00 49 00 dd 
[NEW] mcSpeed=0 mcServo=74 buzzer=0
[TX] aa 00 00 00 4a 00 dd 
[NEW] mcSpeed=0 mcServo=74 buzzer=0
[TX] aa 00 00 00 4a 00 dd 
[NEW] mcSpeed=0 mcServo=74 buzzer=0
[TX] aa 00 00 00 4a 00 dd 
[NEW] mcSpeed=0 mcServo=73 buzzer=0
[TX] aa 00 00 00 49 00 dd 
[NEW] mcSpeed=0 mcServo=73 buzzer=0
[TX] aa 00 00 00 49 00 dd 
[NEW] mcSpeed=0 mcServo=73 buzzer=0
[TX] aa 00 00 00 49 00 dd 
[NEW] mcSpeed=0 mcServo=73 buzzer=0
[TX] aa 00 00 00 49 00 dd 
[NEW] mcSpeed=0 mcServo=73 buzzer=0
[TX] aa 00 00 00 49 00 dd 
[NEW] mcSpeed=0 mcServo=73 buzzer=0
[TX] aa 00 00 00 49 00 dd 
[NEW] mcSpeed=0 mcServo=73 buzzer=0
[TX] aa 00 00 00 49 00 dd 
[NEW] mcSpeed=18 mcServo=73 buzzer=0
[TX] aa 00 12 00 49 00 dd 
[NEW] mcSpeed=18 mcServo=73 buzzer=0
[TX] aa 00 12 00 49 00 dd 
[NEW] mcSpeed=18 mcServo=73 buzzer=0
[TX] aa 00 12 00 49 00 dd 
[NEW] mcSpeed=18 mcServo=73 buzzer=0
[TX] aa 00 12 00 49 00 dd 
[NEW] mcSpeed=18 mcServo=74 buzzer=0
[TX] aa 00 12 00 4a 00 dd 
[NEW] mcSpeed=18 mcServo=74 buzzer=0
[TX] aa 00 12 00 4a 00 dd 
[NEW] mcSpeed=18 mcServo=75 buzzer=0
[TX] aa 00 12 00 4b 00 dd 
[NEW] mcSpeed=18 mcServo=76 buzzer=0
[TX] aa 00 12 00 4c 00 dd 
[NEW] mcSpeed=18 mcServo=77 buzzer=0
[TX] aa 00 12 00 4d 00 dd 
[NEW] mcSpeed=18 mcServo=88 buzzer=0
[TX] aa 00 12 00 58 00 dd 
[NEW] mcSpeed=18 mcServo=85 buzzer=0
[TX] aa 00 12 00 55 00 dd 
[NEW] mcSpeed=18 mcServo=84 buzzer=0
[TX] aa 00 12 00 54 00 dd 
[NEW] mcSpeed=18 mcServo=85 buzzer=0
[TX] aa 00 12 00 55 00 dd 
[NEW] mcSpeed=18 mcServo=85 buzzer=0
[TX] aa 00 12 00 55 00 dd 
[NEW] mcSpeed=18 mcServo=85 buzzer=0
[TX] aa 00 12 00 55 00 dd 
[NEW] mcSpeed=18 mcServo=84 buzzer=0
[TX] aa 00 12 00 54 00 dd 
[NEW] mcSpeed=18 mcServo=84 buzzer=0
[TX] aa 00 12 00 54 00 dd 
[NEW] mcSpeed=18 mcServo=84 buzzer=0
[TX] aa 00 12 00 54 00 dd 
[NEW] mcSpeed=18 mcServo=84 buzzer=0
[TX] aa 00 12 00 54 00 dd 
[NEW] mcSpeed=18 mcServo=84 buzzer=0
[TX] aa 00 12 00 54 00 dd 
[NEW] mcSpeed=18 mcServo=84 buzzer=0
[TX] aa 00 12 00 54 00 dd 
[NEW] mcSpeed=18 mcServo=84 buzzer=0
[TX] aa 00 12 00 54 00 dd 
[NEW] mcSpeed=18 mcServo=84 buzzer=0
[TX] aa 00 12 00 54 00 dd 
[NEW] mcSpeed=18 mcServo=84 buzzer=0
[TX] aa 00 12 00 54 00 dd 
[NEW] mcSpeed=18 mcServo=84 buzzer=0
[TX] aa 00 12 00 54 00 dd 
[NEW] mcSpeed=18 mcServo=84 buzzer=0
[TX] aa 00 12 00 54 00 dd 
[NEW] mcSpeed=18 mcServo=84 buzzer=0
[TX] aa 00 12 00 54 00 dd 
[NEW] mcSpeed=18 mcServo=84 buzzer=0
[TX] aa 00 12 00 54 00 dd 
[NEW] mcSpeed=18 mcServo=84 buzzer=0
[TX] aa 00 12 00 54 00 dd 
[NEW] mcSpeed=18 mcServo=84 buzzer=0
[TX] aa 00 12 00 54 00 dd 
[NEW] mcSpeed=18 mcServo=83 buzzer=0
[TX] aa 00 12 00 53 00 dd 
[NEW] mcSpeed=18 mcServo=83 buzzer=0
[TX] aa 00 12 00 53 00 dd 
[NEW] mcSpeed=18 mcServo=83 buzzer=0
[TX] aa 00 12 00 53 00 dd 
[NEW] mcSpeed=18 mcServo=83 buzzer=0
[TX] aa 00 12 00 53 00 dd 
[NEW] mcSpeed=18 mcServo=83 buzzer=0
[TX] aa 00 12 00 53 00 dd 
[NEW] mcSpeed=18 mcServo=83 buzzer=0
[TX] aa 00 12 00 53 00 dd 
[NEW] mcSpeed=18 mcServo=83 buzzer=0
[TX] aa 00 12 00 53 00 dd 
[NEW] mcSpeed=18 mcServo=83 buzzer=0
[TX] aa 00 12 00 53 00 dd 
[NEW] mcSpeed=18 mcServo=83 buzzer=0
[TX] aa 00 12 00 53 00 dd 
[NEW] mcSpeed=18 mcServo=83 buzzer=0
[TX] aa 00 12 00 53 00 dd 
[NEW] mcSpeed=18 mcServo=82 buzzer=0
[TX] aa 00 12 00 52 00 dd 
[NEW] mcSpeed=18 mcServo=83 buzzer=0
[TX] aa 00 12 00 53 00 dd 
[NEW] mcSpeed=18 mcServo=83 buzzer=0
[TX] aa 00 12 00 53 00 dd 
[NEW] mcSpeed=18 mcServo=83 buzzer=0
[TX] aa 00 12 00 53 00 dd 
[NEW] mcSpeed=18 mcServo=83 buzzer=0
[TX] aa 00 12 00 53 00 dd 
[NEW] mcSpeed=18 mcServo=84 buzzer=0
[TX] aa 00 12 00 54 00 dd 
[NEW] mcSpeed=18 mcServo=84 buzzer=0
[TX] aa 00 12 00 54 00 dd 
[NEW] mcSpeed=18 mcServo=84 buzzer=0
[TX] aa 00 12 00 54 00 dd 
[NEW] mcSpeed=18 mcServo=84 buzzer=0
[TX] aa 00 12 00 54 00 dd 
[NEW] mcSpeed=18 mcServo=84 buzzer=0
[TX] aa 00 12 00 54 00 dd 
[NEW] mcSpeed=18 mcServo=84 buzzer=0
[TX] aa 00 12 00 54 00 dd 
[NEW] mcSpeed=18 mcServo=85 buzzer=0
[TX] aa 00 12 00 55 00 dd 
[NEW] mcSpeed=18 mcServo=85 buzzer=0
[TX] aa 00 12 00 55 00 dd 
[NEW] mcSpeed=18 mcServo=85 buzzer=0
[TX] aa 00 12 00 55 00 dd 
[NEW] mcSpeed=18 mcServo=85 buzzer=0
[TX] aa 00 12 00 55 00 dd 
[NEW] mcSpeed=18 mcServo=86 buzzer=0
[TX] aa 00 12 00 56 00 dd 
[NEW] mcSpeed=18 mcServo=86 buzzer=0
[TX] aa 00 12 00 56 00 dd 
[NEW] mcSpeed=18 mcServo=87 buzzer=0
[TX] aa 00 12 00 57 00 dd 
[NEW] mcSpeed=18 mcServo=87 buzzer=0
[TX] aa 00 12 00 57 00 dd 
[NEW] mcSpeed=18 mcServo=87 buzzer=0
[TX] aa 00 12 00 57 00 dd 
[NEW] mcSpeed=18 mcServo=87 buzzer=0
[TX] aa 00 12 00 57 00 dd 
[NEW] mcSpeed=18 mcServo=89 buzzer=0
[TX] aa 00 12 00 59 00 dd 
[NEW] mcSpeed=18 mcServo=88 buzzer=0
[TX] aa 00 12 00 58 00 dd 
[NEW] mcSpeed=18 mcServo=88 buzzer=0
[TX] aa 00 12 00 58 00 dd 
[NEW] mcSpeed=18 mcServo=88 buzzer=0
[TX] aa 00 12 00 58 00 dd 
[NEW] mcSpeed=18 mcServo=89 buzzer=0
[TX] aa 00 12 00 59 00 dd 
[NEW] mcSpeed=18 mcServo=89 buzzer=0
[TX] aa 00 12 00 59 00 dd 
[NEW] mcSpeed=18 mcServo=89 buzzer=0
[TX] aa 00 12 00 59 00 dd 
[NEW] mcSpeed=18 mcServo=89 buzzer=0
[TX] aa 00 12 00 59 00 dd 
[NEW] mcSpeed=18 mcServo=89 buzzer=0
[TX] aa 00 12 00 59 00 dd 
[NEW] mcSpeed=18 mcServo=89 buzzer=0
[TX] aa 00 12 00 59 00 dd 
[NEW] mcSpeed=18 mcServo=90 buzzer=0
[TX] aa 00 12 00 5a 00 dd 
[NEW] mcSpeed=18 mcServo=90 buzzer=0
[TX] aa 00 12 00 5a 00 dd 
[NEW] mcSpeed=18 mcServo=89 buzzer=0
[TX] aa 00 12 00 59 00 dd 
[NEW] mcSpeed=18 mcServo=90 buzzer=0
[TX] aa 00 12 00 5a 00 dd 
[NEW] mcSpeed=18 mcServo=90 buzzer=0
[TX] aa 00 12 00 5a 00 dd 
[NEW] mcSpeed=18 mcServo=90 buzzer=0
[TX] aa 00 12 00 5a 00 dd 
[NEW] mcSpeed=18 mcServo=90 buzzer=0
[TX] aa 00 12 00 5a 00 dd 
[NEW] mcSpeed=18 mcServo=90 buzzer=0
[TX] aa 00 12 00 5a 00 dd 
[NEW] mcSpeed=18 mcServo=90 buzzer=0
[TX] aa 00 12 00 5a 00 dd 
[NEW] mcSpeed=18 mcServo=90 buzzer=0
[TX] aa 00 12 00 5a 00 dd 
[NEW] mcSpeed=18 mcServo=90 buzzer=0
[TX] aa 00 12 00 5a 00 dd 
[NEW] mcSpeed=18 mcServo=91 buzzer=0
[TX] aa 00 12 00 5b 00 dd 
[NEW] mcSpeed=18 mcServo=91 buzzer=0
[TX] aa 00 12 00 5b 00 dd 
[NEW] mcSpeed=18 mcServo=82 buzzer=0
[TX] aa 00 12 00 52 00 dd 
[NEW] mcSpeed=18 mcServo=90 buzzer=0
[TX] aa 00 12 00 5a 00 dd 
[NEW] mcSpeed=18 mcServo=89 buzzer=0
[TX] aa 00 12 00 59 00 dd 
[NEW] mcSpeed=18 mcServo=90 buzzer=0
[TX] aa 00 12 00 5a 00 dd 
[NEW] mcSpeed=18 mcServo=90 buzzer=0
[TX] aa 00 12 00 5a 00 dd 
[NEW] mcSpeed=18 mcServo=99 buzzer=0
[TX] aa 00 12 00 63 00 dd 
[NEW] mcSpeed=18 mcServo=84 buzzer=0
[TX] aa 00 12 00 54 00 dd 
[NEW] mcSpeed=18 mcServo=92 buzzer=0
[TX] aa 00 12 00 5c 00 dd 
[NEW] mcSpeed=18 mcServo=91 buzzer=0
[TX] aa 00 12 00 5b 00 dd 
[NEW] mcSpeed=18 mcServo=91 buzzer=0
[TX] aa 00 12 00 5b 00 dd 
[NEW] mcSpeed=18 mcServo=92 buzzer=0
[TX] aa 00 12 00 5c 00 dd 
[NEW] mcSpeed=18 mcServo=102 buzzer=0
[TX] aa 00 12 00 66 00 dd 
[NEW] mcSpeed=18 mcServo=87 buzzer=0
[TX] aa 00 12 00 57 00 dd 
[NEW] mcSpeed=18 mcServo=95 buzzer=0
[TX] aa 00 12 00 5f 00 dd 
[NEW] mcSpeed=18 mcServo=94 buzzer=0
[TX] aa 00 12 00 5e 00 dd 
[NEW] mcSpeed=18 mcServo=105 buzzer=0
[TX] aa 00 12 00 69 00 dd 
[NEW] mcSpeed=18 mcServo=111 buzzer=0
[TX] aa 00 12 00 6f 00 dd 
[NEW] mcSpeed=18 mcServo=111 buzzer=0
[TX] aa 00 12 00 6f 00 dd 
[NEW] mcSpeed=18 mcServo=106 buzzer=0
[TX] aa 00 12 00 6a 00 dd 
[NEW] mcSpeed=18 mcServo=110 buzzer=0
[TX] aa 00 12 00 6e 00 dd 
[NEW] mcSpeed=18 mcServo=109 buzzer=0
[TX] aa 00 12 00 6d 00 dd 
[NEW] mcSpeed=18 mcServo=107 buzzer=0
[TX] aa 00 12 00 6b 00 dd 
[NEW] mcSpeed=18 mcServo=109 buzzer=0
[TX] aa 00 12 00 6d 00 dd 
[NEW] mcSpeed=18 mcServo=109 buzzer=0
[TX] aa 00 12 00 6d 00 dd 
[NEW] mcSpeed=18 mcServo=108 buzzer=0
[TX] aa 00 12 00 6c 00 dd 
[NEW] mcSpeed=18 mcServo=109 buzzer=0
[TX] aa 00 12 00 6d 00 dd 
[NEW] mcSpeed=18 mcServo=108 buzzer=0
[TX] aa 00 12 00 6c 00 dd 
[NEW] mcSpeed=18 mcServo=108 buzzer=0
[TX] aa 00 12 00 6c 00 dd 
[NEW] mcSpeed=18 mcServo=109 buzzer=0
[TX] aa 00 12 00 6d 00 dd 
[NEW] mcSpeed=18 mcServo=108 buzzer=0
[TX] aa 00 12 00 6c 00 dd 
[NEW] mcSpeed=18 mcServo=108 buzzer=0
[TX] aa 00 12 00 6c 00 dd 
[NEW] mcSpeed=18 mcServo=108 buzzer=0
[TX] aa 00 12 00 6c 00 dd 
[NEW] mcSpeed=18 mcServo=107 buzzer=0
[TX] aa 00 12 00 6b 00 dd 
[NEW] mcSpeed=18 mcServo=107 buzzer=0
[TX] aa 00 12 00 6b 00 dd 
[NEW] mcSpeed=18 mcServo=107 buzzer=0
[TX] aa 00 12 00 6b 00 dd 
[NEW] mcSpeed=18 mcServo=107 buzzer=0
[TX] aa 00 12 00 6b 00 dd 
[NEW] mcSpeed=18 mcServo=110 buzzer=0
[TX] aa 00 12 00 6e 00 dd 
[NEW] mcSpeed=18 mcServo=109 buzzer=0
[TX] aa 00 12 00 6d 00 dd 
[NEW] mcSpeed=18 mcServo=108 buzzer=0
[TX] aa 00 12 00 6c 00 dd 
[NEW] mcSpeed=18 mcServo=108 buzzer=0
[TX] aa 00 12 00 6c 00 dd 
[NEW] mcSpeed=18 mcServo=108 buzzer=0
[TX] aa 00 12 00 6c 00 dd 
[NEW] mcSpeed=18 mcServo=108 buzzer=0
[TX] aa 00 12 00 6c 00 dd 
[NEW] mcSpeed=18 mcServo=108 buzzer=0
[TX] aa 00 12 00 6c 00 dd 
[NEW] mcSpeed=18 mcServo=108 buzzer=0
[TX] aa 00 12 00 6c 00 dd 
[NEW] mcSpeed=18 mcServo=107 buzzer=0
[TX] aa 00 12 00 6b 00 dd 
[NEW] mcSpeed=18 mcServo=107 buzzer=0
[TX] aa 00 12 00 6b 00 dd 
[NEW] mcSpeed=18 mcServo=110 buzzer=0
[TX] aa 00 12 00 6e 00 dd 
[NEW] mcSpeed=18 mcServo=108 buzzer=0
[TX] aa 00 12 00 6c 00 dd 
[NEW] mcSpeed=18 mcServo=108 buzzer=0
[TX] aa 00 12 00 6c 00 dd 
[NEW] mcSpeed=18 mcServo=110 buzzer=0
[TX] aa 00 12 00 6e 00 dd 
[NEW] mcSpeed=18 mcServo=109 buzzer=0
[TX] aa 00 12 00 6d 00 dd 
[NEW] mcSpeed=18 mcServo=109 buzzer=0
[TX] aa 00 12 00 6d 00 dd 
[NEW] mcSpeed=18 mcServo=108 buzzer=0
[TX] aa 00 12 00 6c 00 dd 
[NEW] mcSpeed=18 mcServo=110 buzzer=0
[TX] aa 00 12 00 6e 00 dd 
[NEW] mcSpeed=18 mcServo=108 buzzer=0
[TX] aa 00 12 00 6c 00 dd 
[NEW] mcSpeed=18 mcServo=112 buzzer=0
[TX] aa 00 12 00 70 00 dd 
[NEW] mcSpeed=18 mcServo=109 buzzer=0
[TX] aa 00 12 00 6d 00 dd 
[NEW] mcSpeed=18 mcServo=111 buzzer=0
[TX] aa 00 12 00 6f 00 dd 
[NEW] mcSpeed=18 mcServo=111 buzzer=0
[TX] aa 00 12 00 6f 00 dd 
[NEW] mcSpeed=18 mcServo=109 buzzer=0
[TX] aa 00 12 00 6d 00 dd 
[NEW] mcSpeed=18 mcServo=98 buzzer=0
[TX] aa 00 12 00 62 00 dd 
[NEW] mcSpeed=18 mcServo=104 buzzer=0
[TX] aa 00 12 00 68 00 dd 
[NEW] mcSpeed=18 mcServo=104 buzzer=0
[TX] aa 00 12 00 68 00 dd 
[NEW] mcSpeed=18 mcServo=103 buzzer=0
[TX] aa 00 12 00 67 00 dd 
[NEW] mcSpeed=18 mcServo=102 buzzer=0
[TX] aa 00 12 00 66 00 dd 
[NEW] mcSpeed=18 mcServo=102 buzzer=0
[TX] aa 00 12 00 66 00 dd 
[NEW] mcSpeed=18 mcServo=102 buzzer=0
[TX] aa 00 12 00 66 00 dd 
[NEW] mcSpeed=18 mcServo=102 buzzer=0
[TX] aa 00 12 00 66 00 dd 
[NEW] mcSpeed=18 mcServo=104 buzzer=0
[TX] aa 00 12 00 68 00 dd 
[NEW] mcSpeed=18 mcServo=103 buzzer=0
[TX] aa 00 12 00 67 00 dd 
[NEW] mcSpeed=18 mcServo=102 buzzer=0
[TX] aa 00 12 00 66 00 dd 
[NEW] mcSpeed=18 mcServo=102 buzzer=0
[TX] aa 00 12 00 66 00 dd 
[NEW] mcSpeed=18 mcServo=102 buzzer=0
[TX] aa 00 12 00 66 00 dd 
[NEW] mcSpeed=18 mcServo=102 buzzer=0
[TX] aa 00 12 00 66 00 dd 
[NEW] mcSpeed=18 mcServo=102 buzzer=0
[TX] aa 00 12 00 66 00 dd 
[NEW] mcSpeed=18 mcServo=102 buzzer=0
[TX] aa 00 12 00 66 00 dd 
[NEW] mcSpeed=18 mcServo=101 buzzer=0
[TX] aa 00 12 00 65 00 dd 
[NEW] mcSpeed=18 mcServo=101 buzzer=0
[TX] aa 00 12 00 65 00 dd 
[NEW] mcSpeed=18 mcServo=101 buzzer=0
[TX] aa 00 12 00 65 00 dd 
[NEW] mcSpeed=18 mcServo=101 buzzer=0
[TX] aa 00 12 00 65 00 dd 
[NEW] mcSpeed=18 mcServo=100 buzzer=0
[TX] aa 00 12 00 64 00 dd 
[NEW] mcSpeed=18 mcServo=101 buzzer=0
[TX] aa 00 12 00 65 00 dd 
[NEW] mcSpeed=18 mcServo=100 buzzer=0
[TX] aa 00 12 00 64 00 dd 
[NEW] mcSpeed=18 mcServo=100 buzzer=0
[TX] aa 00 12 00 64 00 dd 
[NEW] mcSpeed=18 mcServo=100 buzzer=0
[TX] aa 00 12 00 64 00 dd 
[NEW] mcSpeed=18 mcServo=99 buzzer=0
[TX] aa 00 12 00 63 00 dd 
[NEW] mcSpeed=18 mcServo=99 buzzer=0
[TX] aa 00 12 00 63 00 dd 
[NEW] mcSpeed=18 mcServo=99 buzzer=0
[TX] aa 00 12 00 63 00 dd 
[NEW] mcSpeed=18 mcServo=99 buzzer=0
[TX] aa 00 12 00 63 00 dd 
[NEW] mcSpeed=18 mcServo=99 buzzer=0
[TX] aa 00 12 00 63 00 dd 
[NEW] mcSpeed=18 mcServo=99 buzzer=0
[TX] aa 00 12 00 63 00 dd 
[NEW] mcSpeed=18 mcServo=98 buzzer=0
[TX] aa 00 12 00 62 00 dd 
[NEW] mcSpeed=18 mcServo=98 buzzer=0
[TX] aa 00 12 00 62 00 dd 
[NEW] mcSpeed=18 mcServo=98 buzzer=0
[TX] aa 00 12 00 62 00 dd 
[NEW] mcSpeed=18 mcServo=98 buzzer=0
[TX] aa 00 12 00 62 00 dd 
[NEW] mcSpeed=18 mcServo=97 buzzer=0
[TX] aa 00 12 00 61 00 dd 
[NEW] mcSpeed=18 mcServo=97 buzzer=0
[TX] aa 00 12 00 61 00 dd 
[NEW] mcSpeed=18 mcServo=96 buzzer=0
[TX] aa 00 12 00 60 00 dd 
[STATUS] lap=1 mode=NORMAL speed=0.50 servo=1554 center=0.3
[NEW] mcSpeed=45 mcServo=87 buzzer=1
[TX] aa 00 2d 00 57 01 dd 
[NEW] mcSpeed=45 mcServo=94 buzzer=0
[TX] aa 00 2d 00 5e 00 dd 
[NEW] mcSpeed=45 mcServo=92 buzzer=0
[TX] aa 00 2d 00 5c 00 dd 
[NEW] mcSpeed=45 mcServo=92 buzzer=0
[TX] aa 00 2d 00 5c 00 dd 
[NEW] mcSpeed=45 mcServo=91 buzzer=0
[TX] aa 00 2d 00 5b 00 dd 
[NEW] mcSpeed=45 mcServo=91 buzzer=0
[TX] aa 00 2d 00 5b 00 dd 
[NEW] mcSpeed=45 mcServo=91 buzzer=0
[TX] aa 00 2d 00 5b 00 dd 
[NEW] mcSpeed=45 mcServo=91 buzzer=0
[TX] aa 00 2d 00 5b 00 dd 
[NEW] mcSpeed=45 mcServo=90 buzzer=0
[TX] aa 00 2d 00 5a 00 dd 
[NEW] mcSpeed=45 mcServo=95 buzzer=0
[TX] aa 00 2d 00 5f 00 dd 
[NEW] mcSpeed=45 mcServo=90 buzzer=0
[TX] aa 00 2d 00 5a 00 dd 
[NEW] mcSpeed=45 mcServo=91 buzzer=0
[TX] aa 00 2d 00 5b 00 dd 
[NEW] mcSpeed=45 mcServo=91 buzzer=0
[TX] aa 00 2d 00 5b 00 dd 
[NEW] mcSpeed=45 mcServo=89 buzzer=0
[TX] aa 00 2d 00 59 00 dd 
[NEW] mcSpeed=45 mcServo=89 buzzer=0
[TX] aa 00 2d 00 59 00 dd 
[NEW] mcSpeed=45 mcServo=89 buzzer=0
[TX] aa 00 2d 00 59 00 dd 
[NEW] mcSpeed=45 mcServo=89 buzzer=0
[TX] aa 00 2d 00 59 00 dd 
[NEW] mcSpeed=45 mcServo=88 buzzer=0
[TX] aa 00 2d 00 58 00 dd 
[NEW] mcSpeed=36 mcServo=88 buzzer=0
[TX] aa 00 24 00 58 00 dd 
[NEW] mcSpeed=36 mcServo=87 buzzer=0
[TX] aa 00 24 00 57 00 dd 
[NEW] mcSpeed=36 mcServo=87 buzzer=0
[TX] aa 00 24 00 57 00 dd 
[NEW] mcSpeed=36 mcServo=89 buzzer=0
[TX] aa 00 24 00 59 00 dd 
[NEW] mcSpeed=36 mcServo=86 buzzer=0
[TX] aa 00 24 00 56 00 dd 
[NEW] mcSpeed=36 mcServo=87 buzzer=0
[TX] aa 00 24 00 57 00 dd 
[NEW] mcSpeed=36 mcServo=90 buzzer=0
[TX] aa 00 24 00 5a 00 dd 
[NEW] mcSpeed=36 mcServo=89 buzzer=0
[TX] aa 00 24 00 59 00 dd 
[NEW] mcSpeed=36 mcServo=89 buzzer=0
[TX] aa 00 24 00 59 00 dd 
[NEW] mcSpeed=36 mcServo=89 buzzer=0
[TX] aa 00 24 00 59 00 dd 
[NEW] mcSpeed=36 mcServo=87 buzzer=0
[TX] aa 00 24 00 57 00 dd 
[NEW] mcSpeed=36 mcServo=90 buzzer=0
[TX] aa 00 24 00 5a 00 dd 
[STATUS] lap=1 mode=NORMAL speed=0.40 servo=1517 center=0.0
[NEW] mcSpeed=36 mcServo=89 buzzer=0
[TX] aa 00 24 00 59 00 dd 
[NEW] mcSpeed=36 mcServo=90 buzzer=0
[TX] aa 00 24 00 5a 00 dd 
[NEW] mcSpeed=36 mcServo=90 buzzer=0
[TX] aa 00 24 00 5a 00 dd 
[NEW] mcSpeed=36 mcServo=90 buzzer=0
[TX] aa 00 24 00 5a 00 dd 
[NEW] mcSpeed=36 mcServo=89 buzzer=0
[TX] aa 00 24 00 59 00 dd 
[NEW] mcSpeed=36 mcServo=87 buzzer=0
[TX] aa 00 24 00 57 00 dd 
[NEW] mcSpeed=36 mcServo=90 buzzer=0
[TX] aa 00 24 00 5a 00 dd 
[NEW] mcSpeed=36 mcServo=90 buzzer=0
[TX] aa 00 24 00 5a 00 dd 
[NEW] mcSpeed=36 mcServo=90 buzzer=0
[TX] aa 00 24 00 5a 00 dd 
[NEW] mcSpeed=36 mcServo=91 buzzer=0
[TX] aa 00 24 00 5b 00 dd 
[NEW] mcSpeed=36 mcServo=92 buzzer=0
[TX] aa 00 24 00 5c 00 dd 
[NEW] mcSpeed=36 mcServo=91 buzzer=0
[TX] aa 00 24 00 5b 00 dd 
[NEW] mcSpeed=36 mcServo=88 buzzer=0
[TX] aa 00 24 00 58 00 dd 
[NEW] mcSpeed=45 mcServo=89 buzzer=0
[TX] aa 00 2d 00 59 00 dd 
[NEW] mcSpeed=45 mcServo=89 buzzer=0
[TX] aa 00 2d 00 59 00 dd 
[NEW] mcSpeed=45 mcServo=89 buzzer=0
[TX] aa 00 2d 00 59 00 dd 
[NEW] mcSpeed=45 mcServo=89 buzzer=0
[TX] aa 00 2d 00 59 00 dd 
[NEW] mcSpeed=45 mcServo=89 buzzer=0
[TX] aa 00 2d 00 59 00 dd 
[NEW] mcSpeed=45 mcServo=89 buzzer=0
[TX] aa 00 2d 00 59 00 dd 
[NEW] mcSpeed=45 mcServo=89 buzzer=0
[TX] aa 00 2d 00 59 00 dd 
[NEW] mcSpeed=45 mcServo=89 buzzer=0
[TX] aa 00 2d 00 59 00 dd 
[NEW] mcSpeed=45 mcServo=90 buzzer=0
[TX] aa 00 2d 00 5a 00 dd 
[NEW] mcSpeed=36 mcServo=89 buzzer=0
[TX] aa 00 24 00 59 00 dd 
[NEW] mcSpeed=36 mcServo=90 buzzer=1
[TX] aa 00 24 00 5a 01 dd 
[NEW] mcSpeed=22 mcServo=88 buzzer=0
[TX] aa 00 16 00 58 00 dd 
[NEW] mcSpeed=22 mcServo=88 buzzer=0
[TX] aa 00 16 00 58 00 dd 
[NEW] mcSpeed=22 mcServo=89 buzzer=0
[TX] aa 00 16 00 59 00 dd 
[NEW] mcSpeed=22 mcServo=88 buzzer=0
[TX] aa 00 16 00 58 00 dd 
[NEW] mcSpeed=22 mcServo=85 buzzer=0
[TX] aa 00 16 00 55 00 dd 
[NEW] mcSpeed=22 mcServo=86 buzzer=0
[TX] aa 00 16 00 56 00 dd 
[NEW] mcSpeed=22 mcServo=87 buzzer=0
[TX] aa 00 16 00 57 00 dd 
[NEW] mcSpeed=22 mcServo=87 buzzer=0
[TX] aa 00 16 00 57 00 dd 
[NEW] mcSpeed=22 mcServo=87 buzzer=0
[TX] aa 00 16 00 57 00 dd 
[NEW] mcSpeed=22 mcServo=87 buzzer=0
[TX] aa 00 16 00 57 00 dd 
[NEW] mcSpeed=22 mcServo=87 buzzer=0
[TX] aa 00 16 00 57 00 dd 
[NEW] mcSpeed=22 mcServo=87 buzzer=0
[TX] aa 00 16 00 57 00 dd 
[NEW] mcSpeed=22 mcServo=87 buzzer=0
[TX] aa 00 16 00 57 00 dd 
[NEW] mcSpeed=22 mcServo=87 buzzer=0
[TX] aa 00 16 00 57 00 dd 
[NEW] mcSpeed=22 mcServo=87 buzzer=0
[TX] aa 00 16 00 57 00 dd 
[NEW] mcSpeed=22 mcServo=88 buzzer=0
[TX] aa 00 16 00 58 00 dd 
[NEW] mcSpeed=22 mcServo=88 buzzer=0
[TX] aa 00 16 00 58 00 dd 
[NEW] mcSpeed=22 mcServo=88 buzzer=0
[TX] aa 00 16 00 58 00 dd 
[NEW] mcSpeed=22 mcServo=88 buzzer=0
[TX] aa 00 16 00 58 00 dd 
[NEW] mcSpeed=22 mcServo=89 buzzer=0
[TX] aa 00 16 00 59 00 dd 
[NEW] mcSpeed=22 mcServo=89 buzzer=0
[TX] aa 00 16 00 59 00 dd 
[NEW] mcSpeed=22 mcServo=89 buzzer=0
[TX] aa 00 16 00 59 00 dd 
[NEW] mcSpeed=22 mcServo=90 buzzer=0
[TX] aa 00 16 00 5a 00 dd 
[NEW] mcSpeed=22 mcServo=90 buzzer=0
[TX] aa 00 16 00 5a 00 dd 
[NEW] mcSpeed=22 mcServo=90 buzzer=0
[TX] aa 00 16 00 5a 00 dd 
[NEW] mcSpeed=22 mcServo=90 buzzer=0
[TX] aa 00 16 00 5a 00 dd 
[NEW] mcSpeed=22 mcServo=87 buzzer=0
[TX] aa 00 16 00 57 00 dd 
[NEW] mcSpeed=22 mcServo=88 buzzer=0
[TX] aa 00 16 00 58 00 dd 
[NEW] mcSpeed=22 mcServo=88 buzzer=0
[TX] aa 00 16 00 58 00 dd 
[NEW] mcSpeed=22 mcServo=89 buzzer=0
[TX] aa 00 16 00 59 00 dd 
[NEW] mcSpeed=22 mcServo=89 buzzer=0
[TX] aa 00 16 00 59 00 dd 
[NEW] mcSpeed=22 mcServo=89 buzzer=0
[TX] aa 00 16 00 59 00 dd 
[NEW] mcSpeed=22 mcServo=89 buzzer=0
[TX] aa 00 16 00 59 00 dd 
[NEW] mcSpeed=22 mcServo=89 buzzer=0
[TX] aa 00 16 00 59 00 dd 
[NEW] mcSpeed=22 mcServo=89 buzzer=0
[TX] aa 00 16 00 59 00 dd 
[NEW] mcSpeed=22 mcServo=90 buzzer=0
[TX] aa 00 16 00 5a 00 dd 
[NEW] mcSpeed=22 mcServo=90 buzzer=0
[TX] aa 00 16 00 5a 00 dd 
[NEW] mcSpeed=22 mcServo=90 buzzer=0
[TX] aa 00 16 00 5a 00 dd 
[NEW] mcSpeed=22 mcServo=90 buzzer=0
[TX] aa 00 16 00 5a 00 dd 
[NEW] mcSpeed=22 mcServo=90 buzzer=0
[TX] aa 00 16 00 5a 00 dd 
[NEW] mcSpeed=22 mcServo=90 buzzer=0
[TX] aa 00 16 00 5a 00 dd 
[NEW] mcSpeed=22 mcServo=91 buzzer=0
[TX] aa 00 16 00 5b 00 dd 
[NEW] mcSpeed=22 mcServo=91 buzzer=0
[TX] aa 00 16 00 5b 00 dd 
[NEW] mcSpeed=22 mcServo=91 buzzer=0
[TX] aa 00 16 00 5b 00 dd 
[NEW] mcSpeed=22 mcServo=92 buzzer=0
[TX] aa 00 16 00 5c 00 dd 
[NEW] mcSpeed=22 mcServo=92 buzzer=0
[TX] aa 00 16 00 5c 00 dd 
[NEW] mcSpeed=22 mcServo=93 buzzer=0
[TX] aa 00 16 00 5d 00 dd 
[NEW] mcSpeed=22 mcServo=93 buzzer=0
[TX] aa 00 16 00 5d 00 dd 
[NEW] mcSpeed=22 mcServo=103 buzzer=0
[TX] aa 00 16 00 67 00 dd 
[NEW] mcSpeed=22 mcServo=109 buzzer=0
[TX] aa 00 16 00 6d 00 dd 
[NEW] mcSpeed=22 mcServo=104 buzzer=0
[TX] aa 00 16 00 68 00 dd 
[NEW] mcSpeed=22 mcServo=104 buzzer=0
[TX] aa 00 16 00 68 00 dd 
[NEW] mcSpeed=22 mcServo=104 buzzer=0
[TX] aa 00 16 00 68 00 dd 
[NEW] mcSpeed=22 mcServo=105 buzzer=0
[TX] aa 00 16 00 69 00 dd 
[NEW] mcSpeed=22 mcServo=103 buzzer=0
[TX] aa 00 16 00 67 00 dd 
[NEW] mcSpeed=22 mcServo=104 buzzer=0
[TX] aa 00 16 00 68 00 dd 
[NEW] mcSpeed=22 mcServo=104 buzzer=0
[TX] aa 00 16 00 68 00 dd 
[NEW] mcSpeed=22 mcServo=105 buzzer=0
[TX] aa 00 16 00 69 00 dd 
[NEW] mcSpeed=22 mcServo=103 buzzer=0
[TX] aa 00 16 00 67 00 dd 
[NEW] mcSpeed=22 mcServo=103 buzzer=0
[TX] aa 00 16 00 67 00 dd 
[NEW] mcSpeed=22 mcServo=104 buzzer=0
[TX] aa 00 16 00 68 00 dd 
[NEW] mcSpeed=22 mcServo=104 buzzer=0
[TX] aa 00 16 00 68 00 dd 
[NEW] mcSpeed=22 mcServo=104 buzzer=0
[TX] aa 00 16 00 68 00 dd 
[NEW] mcSpeed=22 mcServo=104 buzzer=0
[TX] aa 00 16 00 68 00 dd 
[NEW] mcSpeed=22 mcServo=105 buzzer=0
[TX] aa 00 16 00 69 00 dd 
[NEW] mcSpeed=22 mcServo=104 buzzer=0
[TX] aa 00 16 00 68 00 dd 
[NEW] mcSpeed=22 mcServo=105 buzzer=0
[TX] aa 00 16 00 69 00 dd 
[NEW] mcSpeed=22 mcServo=105 buzzer=0
[TX] aa 00 16 00 69 00 dd 
[NEW] mcSpeed=22 mcServo=103 buzzer=0
[TX] aa 00 16 00 67 00 dd 
[NEW] mcSpeed=22 mcServo=104 buzzer=0
[TX] aa 00 16 00 68 00 dd 
[NEW] mcSpeed=22 mcServo=104 buzzer=0
[TX] aa 00 16 00 68 00 dd 
[NEW] mcSpeed=22 mcServo=103 buzzer=0
[TX] aa 00 16 00 67 00 dd 
[NEW] mcSpeed=22 mcServo=104 buzzer=0
[TX] aa 00 16 00 68 00 dd 
[NEW] mcSpeed=22 mcServo=104 buzzer=0
[TX] aa 00 16 00 68 00 dd 
[NEW] mcSpeed=22 mcServo=103 buzzer=0
[TX] aa 00 16 00 67 00 dd 
[NEW] mcSpeed=22 mcServo=104 buzzer=0
[TX] aa 00 16 00 68 00 dd 
[NEW] mcSpeed=22 mcServo=103 buzzer=0
[TX] aa 00 16 00 67 00 dd 
[NEW] mcSpeed=22 mcServo=104 buzzer=0
[TX] aa 00 16 00 68 00 dd 
[NEW] mcSpeed=22 mcServo=104 buzzer=0
[TX] aa 00 16 00 68 00 dd 
[NEW] mcSpeed=22 mcServo=104 buzzer=0
[TX] aa 00 16 00 68 00 dd 
[NEW] mcSpeed=22 mcServo=103 buzzer=0
[TX] aa 00 16 00 67 00 dd 
[NEW] mcSpeed=22 mcServo=105 buzzer=0
[TX] aa 00 16 00 69 00 dd 
[NEW] mcSpeed=22 mcServo=105 buzzer=0
[TX] aa 00 16 00 69 00 dd 
[NEW] mcSpeed=22 mcServo=105 buzzer=0
[TX] aa 00 16 00 69 00 dd 
[NEW] mcSpeed=22 mcServo=105 buzzer=0
[TX] aa 00 16 00 69 00 dd 
[NEW] mcSpeed=22 mcServo=104 buzzer=0
[TX] aa 00 16 00 68 00 dd 
[NEW] mcSpeed=22 mcServo=105 buzzer=0
[TX] aa 00 16 00 69 00 dd 
[NEW] mcSpeed=22 mcServo=105 buzzer=0
[TX] aa 00 16 00 69 00 dd 
[NEW] mcSpeed=22 mcServo=93 buzzer=0
[TX] aa 00 16 00 5d 00 dd 
[NEW] mcSpeed=22 mcServo=98 buzzer=0
[TX] aa 00 16 00 62 00 dd 
[NEW] mcSpeed=22 mcServo=99 buzzer=0
[TX] aa 00 16 00 63 00 dd 
[NEW] mcSpeed=22 mcServo=99 buzzer=0
[TX] aa 00 16 00 63 00 dd 
[NEW] mcSpeed=22 mcServo=99 buzzer=0
[TX] aa 00 16 00 63 00 dd 
[NEW] mcSpeed=22 mcServo=100 buzzer=0
[TX] aa 00 16 00 64 00 dd 
[NEW] mcSpeed=22 mcServo=111 buzzer=0
[TX] aa 00 16 00 6f 00 dd 
[NEW] mcSpeed=22 mcServo=106 buzzer=0
[TX] aa 00 16 00 6a 00 dd 
[NEW] mcSpeed=22 mcServo=94 buzzer=0
[TX] aa 00 16 00 5e 00 dd 
[NEW] mcSpeed=22 mcServo=100 buzzer=0
[TX] aa 00 16 00 64 00 dd 
[NEW] mcSpeed=22 mcServo=100 buzzer=0
[TX] aa 00 16 00 64 00 dd 
[NEW] mcSpeed=22 mcServo=100 buzzer=0
[TX] aa 00 16 00 64 00 dd 
[NEW] mcSpeed=22 mcServo=99 buzzer=0
[TX] aa 00 16 00 63 00 dd 
[NEW] mcSpeed=22 mcServo=100 buzzer=0
[TX] aa 00 16 00 64 00 dd 
[NEW] mcSpeed=22 mcServo=99 buzzer=0
[TX] aa 00 16 00 63 00 dd 
[NEW] mcSpeed=22 mcServo=99 buzzer=0
[TX] aa 00 16 00 63 00 dd 
[NEW] mcSpeed=22 mcServo=99 buzzer=0
[TX] aa 00 16 00 63 00 dd 
[NEW] mcSpeed=22 mcServo=99 buzzer=0
[TX] aa 00 16 00 63 00 dd 
[NEW] mcSpeed=22 mcServo=99 buzzer=0
[TX] aa 00 16 00 63 00 dd 
[NEW] mcSpeed=22 mcServo=99 buzzer=0
[TX] aa 00 16 00 63 00 dd 
[NEW] mcSpeed=22 mcServo=99 buzzer=0
[TX] aa 00 16 00 63 00 dd 
[NEW] mcSpeed=22 mcServo=99 buzzer=0
[TX] aa 00 16 00 63 00 dd 
[NEW] mcSpeed=22 mcServo=99 buzzer=0
[TX] aa 00 16 00 63 00 dd 
[NEW] mcSpeed=22 mcServo=98 buzzer=0
[TX] aa 00 16 00 62 00 dd 
[NEW] mcSpeed=22 mcServo=99 buzzer=0
[TX] aa 00 16 00 63 00 dd 
[NEW] mcSpeed=22 mcServo=98 buzzer=0
[TX] aa 00 16 00 62 00 dd 
[NEW] mcSpeed=22 mcServo=98 buzzer=0
[TX] aa 00 16 00 62 00 dd 
[NEW] mcSpeed=22 mcServo=98 buzzer=0
[TX] aa 00 16 00 62 00 dd 
[NEW] mcSpeed=22 mcServo=102 buzzer=0
[TX] aa 00 16 00 66 00 dd 
[NEW] mcSpeed=22 mcServo=99 buzzer=0
[TX] aa 00 16 00 63 00 dd 
[NEW] mcSpeed=22 mcServo=99 buzzer=0
[TX] aa 00 16 00 63 00 dd 
[NEW] mcSpeed=22 mcServo=99 buzzer=0
[TX] aa 00 16 00 63 00 dd 
[NEW] mcSpeed=22 mcServo=98 buzzer=0
[TX] aa 00 16 00 62 00 dd 
[NEW] mcSpeed=22 mcServo=98 buzzer=0
[TX] aa 00 16 00 62 00 dd 
[NEW] mcSpeed=22 mcServo=98 buzzer=0
[TX] aa 00 16 00 62 00 dd 
[NEW] mcSpeed=22 mcServo=97 buzzer=0
[TX] aa 00 16 00 61 00 dd 
[NEW] mcSpeed=22 mcServo=96 buzzer=0
[TX] aa 00 16 00 60 00 dd 
[NEW] mcSpeed=22 mcServo=95 buzzer=0
[TX] aa 00 16 00 5f 00 dd 
[NEW] mcSpeed=22 mcServo=95 buzzer=0
[TX] aa 00 16 00 5f 00 dd 
[NEW] mcSpeed=22 mcServo=95 buzzer=0
[TX] aa 00 16 00 5f 00 dd 
[NEW] mcSpeed=22 mcServo=95 buzzer=0
[TX] aa 00 16 00 5f 00 dd 
[NEW] mcSpeed=22 mcServo=94 buzzer=0
[TX] aa 00 16 00 5e 00 dd 
[NEW] mcSpeed=22 mcServo=94 buzzer=0
[TX] aa 00 16 00 5e 00 dd 
[NEW] mcSpeed=22 mcServo=94 buzzer=0
[TX] aa 00 16 00 5e 00 dd 
[NEW] mcSpeed=22 mcServo=93 buzzer=0
[TX] aa 00 16 00 5d 00 dd 
[NEW] mcSpeed=22 mcServo=93 buzzer=0
[TX] aa 00 16 00 5d 00 dd 
[NEW] mcSpeed=22 mcServo=93 buzzer=0
[TX] aa 00 16 00 5d 00 dd 
[NEW] mcSpeed=22 mcServo=93 buzzer=0
[TX] aa 00 16 00 5d 00 dd 
[NEW] mcSpeed=22 mcServo=93 buzzer=0
[TX] aa 00 16 00 5d 00 dd 
[NEW] mcSpeed=22 mcServo=92 buzzer=0
[TX] aa 00 16 00 5c 00 dd 
[NEW] mcSpeed=22 mcServo=92 buzzer=0
[TX] aa 00 16 00 5c 00 dd 
[NEW] mcSpeed=22 mcServo=92 buzzer=0
[TX] aa 00 16 00 5c 00 dd 
[NEW] mcSpeed=22 mcServo=92 buzzer=0
[TX] aa 00 16 00 5c 00 dd 
[NEW] mcSpeed=22 mcServo=92 buzzer=0
[TX] aa 00 16 00 5c 00 dd 
[NEW] mcSpeed=22 mcServo=91 buzzer=0
[TX] aa 00 16 00 5b 00 dd 
[NEW] mcSpeed=22 mcServo=91 buzzer=0
[TX] aa 00 16 00 5b 00 dd 
[NEW] mcSpeed=22 mcServo=91 buzzer=0
[TX] aa 00 16 00 5b 00 dd 
[NEW] mcSpeed=22 mcServo=91 buzzer=0
[TX] aa 00 16 00 5b 00 dd 
[NEW] mcSpeed=22 mcServo=91 buzzer=0
[TX] aa 00 16 00 5b 00 dd 
[NEW] mcSpeed=22 mcServo=91 buzzer=0
[TX] aa 00 16 00 5b 00 dd 
[NEW] mcSpeed=22 mcServo=90 buzzer=0
[TX] aa 00 16 00 5a 00 dd 
[NEW] mcSpeed=22 mcServo=90 buzzer=0
[TX] aa 00 16 00 5a 00 dd 
[NEW] mcSpeed=22 mcServo=90 buzzer=0
[TX] aa 00 16 00 5a 00 dd 
[NEW] mcSpeed=22 mcServo=90 buzzer=0
[TX] aa 00 16 00 5a 00 dd 
[NEW] mcSpeed=22 mcServo=90 buzzer=0
[TX] aa 00 16 00 5a 00 dd 
[NEW] mcSpeed=22 mcServo=90 buzzer=0
[TX] aa 00 16 00 5a 00 dd 
[NEW] mcSpeed=22 mcServo=90 buzzer=0
[TX] aa 00 16 00 5a 00 dd 
[NEW] mcSpeed=22 mcServo=90 buzzer=0
[TX] aa 00 16 00 5a 00 dd 
[NEW] mcSpeed=22 mcServo=90 buzzer=0
[TX] aa 00 16 00 5a 00 dd 
[NEW] mcSpeed=22 mcServo=90 buzzer=0
[TX] aa 00 16 00 5a 00 dd 
[NEW] mcSpeed=22 mcServo=90 buzzer=0
[TX] aa 00 16 00 5a 00 dd 
[NEW] mcSpeed=22 mcServo=90 buzzer=1
[TX] aa 00 16 00 5a 01 dd 
[NEW] mcSpeed=36 mcServo=90 buzzer=0
[TX] aa 00 24 00 5a 00 dd 
[NEW] mcSpeed=36 mcServo=90 buzzer=0
[TX] aa 00 24 00 5a 00 dd 
[NEW] mcSpeed=45 mcServo=90 buzzer=0
[TX] aa 00 2d 00 5a 00 dd 
[NEW] mcSpeed=45 mcServo=90 buzzer=0
[TX] aa 00 2d 00 5a 00 dd 
[NEW] mcSpeed=45 mcServo=90 buzzer=0
[TX] aa 00 2d 00 5a 00 dd 
[NEW] mcSpeed=45 mcServo=90 buzzer=0
[TX] aa 00 2d 00 5a 00 dd 
[STATUS] lap=1 mode=NORMAL speed=0.50 servo=1502 center=0.3
[NEW] mcSpeed=45 mcServo=90 buzzer=0
[TX] aa 00 2d 00 5a 00 dd 
[NEW] mcSpeed=36 mcServo=90 buzzer=0
[TX] aa 00 24 00 5a 00 dd 
[NEW] mcSpeed=36 mcServo=90 buzzer=0
[TX] aa 00 24 00 5a 00 dd 
[NEW] mcSpeed=36 mcServo=90 buzzer=0
[TX] aa 00 24 00 5a 00 dd 
[NEW] mcSpeed=36 mcServo=90 buzzer=0
[TX] aa 00 24 00 5a 00 dd 
[NEW] mcSpeed=36 mcServo=90 buzzer=0
[TX] aa 00 24 00 5a 00 dd 
[NEW] mcSpeed=45 mcServo=89 buzzer=0
[TX] aa 00 2d 00 59 00 dd 
[NEW] mcSpeed=45 mcServo=89 buzzer=0
[TX] aa 00 2d 00 59 00 dd 
[NEW] mcSpeed=45 mcServo=90 buzzer=0
[TX] aa 00 2d 00 5a 00 dd 
[NEW] mcSpeed=45 mcServo=88 buzzer=0
[TX] aa 00 2d 00 58 00 dd 
[NEW] mcSpeed=45 mcServo=89 buzzer=0
[TX] aa 00 2d 00 59 00 dd 
[NEW] mcSpeed=45 mcServo=89 buzzer=0
[TX] aa 00 2d 00 59 00 dd 
[NEW] mcSpeed=45 mcServo=89 buzzer=0
[TX] aa 00 2d 00 59 00 dd 
[LAP] ====== 进入第 2/3 圈 ======
[NEW] mcSpeed=45 mcServo=88 buzzer=0
[TX] aa 00 2d 00 58 00 dd 
[NEW] mcSpeed=36 mcServo=88 buzzer=1
[TX] aa 00 24 00 58 01 dd 
[NEW] mcSpeed=36 mcServo=90 buzzer=0
[TX] aa 00 24 00 5a 00 dd 
[NEW] mcSpeed=36 mcServo=87 buzzer=0
[TX] aa 00 24 00 57 00 dd 
[NEW] mcSpeed=36 mcServo=84 buzzer=0
[TX] aa 00 24 00 54 00 dd 
[NEW] mcSpeed=36 mcServo=90 buzzer=0
[TX] aa 00 24 00 5a 00 dd 
[NEW] mcSpeed=36 mcServo=85 buzzer=0
[TX] aa 00 24 00 55 00 dd 
[NEW] mcSpeed=36 mcServo=90 buzzer=0
[TX] aa 00 24 00 5a 00 dd 
[NEW] mcSpeed=36 mcServo=89 buzzer=0
[TX] aa 00 24 00 59 00 dd 
[NEW] mcSpeed=36 mcServo=89 buzzer=0
[TX] aa 00 24 00 59 00 dd 
[NEW] mcSpeed=36 mcServo=89 buzzer=0
[TX] aa 00 24 00 59 00 dd 
[NEW] mcSpeed=36 mcServo=89 buzzer=0
[TX] aa 00 24 00 59 00 dd 
[NEW] mcSpeed=45 mcServo=90 buzzer=1
[TX] aa 00 2d 00 5a 01 dd 
[NEW] mcSpeed=45 mcServo=90 buzzer=0
[TX] aa 00 2d 00 5a 00 dd 
[NEW] mcSpeed=45 mcServo=90 buzzer=0
[TX] aa 00 2d 00 5a 00 dd 
[NEW] mcSpeed=45 mcServo=90 buzzer=0
[TX] aa 00 2d 00 5a 00 dd 
[NEW] mcSpeed=45 mcServo=90 buzzer=0
[TX] aa 00 2d 00 5a 00 dd 
[NEW] mcSpeed=45 mcServo=93 buzzer=0
[TX] aa 00 2d 00 5d 00 dd 
[NEW] mcSpeed=45 mcServo=89 buzzer=0
[TX] aa 00 2d 00 59 00 dd 
[NEW] mcSpeed=45 mcServo=90 buzzer=0
[TX] aa 00 2d 00 5a 00 dd 
[NEW] mcSpeed=45 mcServo=90 buzzer=0
[TX] aa 00 2d 00 5a 00 dd 
[NEW] mcSpeed=45 mcServo=90 buzzer=0
[TX] aa 00 2d 00 5a 00 dd 
[NEW] mcSpeed=45 mcServo=90 buzzer=0
[TX] aa 00 2d 00 5a 00 dd 
[NEW] mcSpeed=45 mcServo=90 buzzer=0
[TX] aa 00 2d 00 5a 00 dd 
[NEW] mcSpeed=45 mcServo=90 buzzer=0
[TX] aa 00 2d 00 5a 00 dd 
[NEW] mcSpeed=45 mcServo=91 buzzer=0
[TX] aa 00 2d 00 5b 00 dd 
[NEW] mcSpeed=45 mcServo=91 buzzer=0
[TX] aa 00 2d 00 5b 00 dd 
[NEW] mcSpeed=45 mcServo=92 buzzer=0
[TX] aa 00 2d 00 5c 00 dd 
[STATUS] lap=2 mode=NORMAL speed=0.50 servo=1445 center=0.3
[NEW] mcSpeed=45 mcServo=93 buzzer=0
[TX] aa 00 2d 00 5d 00 dd 
[NEW] mcSpeed=45 mcServo=94 buzzer=0
[TX] aa 00 2d 00 5e 00 dd 
[NEW] mcSpeed=45 mcServo=104 buzzer=0
[TX] aa 00 2d 00 68 00 dd 
[NEW] mcSpeed=45 mcServo=110 buzzer=0
[TX] aa 00 2d 00 6e 00 dd 
[NEW] mcSpeed=45 mcServo=103 buzzer=0
[TX] aa 00 2d 00 67 00 dd 
[NEW] mcSpeed=45 mcServo=104 buzzer=0
[TX] aa 00 2d 00 68 00 dd 
[NEW] mcSpeed=45 mcServo=105 buzzer=0
[TX] aa 00 2d 00 69 00 dd 
[NEW] mcSpeed=45 mcServo=103 buzzer=0
[TX] aa 00 2d 00 67 00 dd 
[NEW] mcSpeed=45 mcServo=104 buzzer=0
[TX] aa 00 2d 00 68 00 dd 
[NEW] mcSpeed=45 mcServo=106 buzzer=0
[TX] aa 00 2d 00 6a 00 dd 
[NEW] mcSpeed=45 mcServo=103 buzzer=0
[TX] aa 00 2d 00 67 00 dd 
[NEW] mcSpeed=45 mcServo=104 buzzer=0
[TX] aa 00 2d 00 68 00 dd 
[NEW] mcSpeed=45 mcServo=104 buzzer=0
[TX] aa 00 2d 00 68 00 dd 
[NEW] mcSpeed=45 mcServo=104 buzzer=0
[TX] aa 00 2d 00 68 00 dd 
[NEW] mcSpeed=45 mcServo=104 buzzer=0
[TX] aa 00 2d 00 68 00 dd 
[NEW] mcSpeed=45 mcServo=104 buzzer=0
[TX] aa 00 2d 00 68 00 dd 
[NEW] mcSpeed=45 mcServo=105 buzzer=0
[TX] aa 00 2d 00 69 00 dd 
[NEW] mcSpeed=45 mcServo=105 buzzer=0
[TX] aa 00 2d 00 69 00 dd 
[NEW] mcSpeed=45 mcServo=104 buzzer=0
[TX] aa 00 2d 00 68 00 dd 
[NEW] mcSpeed=45 mcServo=103 buzzer=0
[TX] aa 00 2d 00 67 00 dd 
[NEW] mcSpeed=45 mcServo=104 buzzer=0
[TX] aa 00 2d 00 68 00 dd 
[NEW] mcSpeed=45 mcServo=104 buzzer=0
[TX] aa 00 2d 00 68 00 dd 
[NEW] mcSpeed=45 mcServo=106 buzzer=0
[TX] aa 00 2d 00 6a 00 dd 
[NEW] mcSpeed=45 mcServo=105 buzzer=0
[TX] aa 00 2d 00 69 00 dd 
[NEW] mcSpeed=45 mcServo=107 buzzer=0
[TX] aa 00 2d 00 6b 00 dd 
[NEW] mcSpeed=45 mcServo=105 buzzer=0
[TX] aa 00 2d 00 69 00 dd 
[NEW] mcSpeed=45 mcServo=106 buzzer=0
[TX] aa 00 2d 00 6a 00 dd 
[NEW] mcSpeed=45 mcServo=106 buzzer=0
[TX] aa 00 2d 00 6a 00 dd 
[NEW] mcSpeed=45 mcServo=106 buzzer=0
[TX] aa 00 2d 00 6a 00 dd 
[NEW] mcSpeed=36 mcServo=105 buzzer=0
[TX] aa 00 24 00 69 00 dd 
[OK]: Params initial succeed!!!
[Station] Left branch, seen, 0.3s stop
[Station] Pressed +1.1s, stopping...
[Station] Stop 1/30
[Station] Stop 2/30
[Station] Stop 3/30
[Station] Stop 4/30
[Station] Stop 5/30
[Station] Stop 6/30
[Station] Stop 7/30
[Station] Stop 8/30
[Station] Stop 9/30
[Station] Stop 10/30
[Station] Stop 11/30
[Station] Stop 12/30
[Station] Stop 13/30
[Station] Stop 14/30
[Station] Stop 15/30
[Station] Stop 16/30
[Station] Stop 17/30
[Station] Stop 18/30
[Station] Stop 19/30
[Station] Stop 20/30
[Station] Stop 21/30
[Station] Stop 22/30
[Station] Stop 23/30
[Station] Stop 24/30
[Station] Stop 25/30
[Station] Stop 26/30
[Station] Stop 27/30
[Station] Stop 28/30
[Station] Stop 29/30
[Station] Stop 30/30
[Station] Stop 31/30
[Station] Stop end, resume
[Cross] Cross #1 detected (currentLap=1)
[Cross] Lap incremented to 2
[Busy] Construction zone detected! Stopping vehicle
[Busy] countRec: 3, enable: 0
[NEW] mcSpeed=0 mcServo=107 buzzer=1
[TX] aa 00 00 00 6b 01 dd 
[Busy] Construction zone detected! Stopping vehicle
[Busy] countRec: 4, enable: 0
[Busy] === 手动接管检查 ===
[Busy] countRec: 4
[Busy] waitingForTakeover: 1
[Busy] manualTakeover: 0
[Busy] currentLap: 2
[Busy] currentLapConfig: 0x55cf61df58
[Busy] &config.lap1: 0x55cf61df3c
[Busy] &config.lap2: 0x55cf61df58
[Busy] &config.lap3: 0x55cf61df74
[Busy] manualTakeover config: 0
[Busy] busy config: 1
[Busy] Manual takeover NOT enabled in current lap config
[NEW] mcSpeed=0 mcServo=107 buzzer=0
[TX] aa 00 00 00 6b 00 dd 
[Busy] Construction zone detected! Stopping vehicle
[Busy] countRec: 5, enable: 0
[Busy] === 手动接管检查 ===
[Busy] countRec: 5
[Busy] waitingForTakeover: 1
[Busy] manualTakeover: 0
[Busy] currentLap: 2
[Busy] currentLapConfig: 0x55cf61df58
[Busy] &config.lap1: 0x55cf61df3c
[Busy] &config.lap2: 0x55cf61df58
[Busy] &config.lap3: 0x55cf61df74
[Busy] manualTakeover config: 0
[Busy] busy config: 1
[Busy] Manual takeover NOT enabled in current lap config
[NEW] mcSpeed=0 mcServo=106 buzzer=0
[TX] aa 00 00 00 6a 00 dd 
[Busy] Construction zone detected! Stopping vehicle
[Busy] countRec: 6, enable: 0
[Busy] === 手动接管检查 ===
[Busy] countRec: 6
[Busy] waitingForTakeover: 1
[Busy] manualTakeover: 0
[Busy] currentLap: 2
[Busy] currentLapConfig: 0x55cf61df58
[Busy] &config.lap1: 0x55cf61df3c
[Busy] &config.lap2: 0x55cf61df58
[Busy] &config.lap3: 0x55cf61df74
[Busy] manualTakeover config: 0
[Busy] busy config: 1
[Busy] Manual takeover NOT enabled in current lap config
[NEW] mcSpeed=0 mcServo=106 buzzer=0
[TX] aa 00 00 00 6a 00 dd 
[Busy] Construction zone detected! Stopping vehicle
[Busy] countRec: 7, enable: 0
[Busy] === 手动接管检查 ===
[Busy] countRec: 7
[Busy] waitingForTakeover: 1
[Busy] manualTakeover: 0
[Busy] currentLap: 2
[Busy] currentLapConfig: 0x55cf61df58
[Busy] &config.lap1: 0x55cf61df3c
[Busy] &config.lap2: 0x55cf61df58
[Busy] &config.lap3: 0x55cf61df74
[Busy] manualTakeover config: 0
[Busy] busy config: 1
[Busy] Manual takeover NOT enabled in current lap config
[NEW] mcSpeed=0 mcServo=107 buzzer=0
[TX] aa 00 00 00 6b 00 dd 
[NEW] mcSpeed=0 mcServo=95 buzzer=0
[TX] aa 00 00 00 5f 00 dd 
[NEW] mcSpeed=0 mcServo=90 buzzer=0
[TX] aa 00 00 00 5a 00 dd 
[NEW] mcSpeed=0 mcServo=91 buzzer=0
[TX] aa 00 00 00 5b 00 dd 
[NEW] mcSpeed=0 mcServo=92 buzzer=0
[TX] aa 00 00 00 5c 00 dd 
[NEW] mcSpeed=0 mcServo=93 buzzer=0
[TX] aa 00 00 00 5d 00 dd 
[NEW] mcSpeed=0 mcServo=93 buzzer=1
[TX] aa 00 00 00 5d 01 dd 
[NEW] mcSpeed=0 mcServo=93 buzzer=0
[TX] aa 00 00 00 5d 00 dd 
[NEW] mcSpeed=0 mcServo=93 buzzer=0
[TX] aa 00 00 00 5d 00 dd 
[NEW] mcSpeed=0 mcServo=93 buzzer=0
[TX] aa 00 00 00 5d 00 dd 
[NEW] mcSpeed=0 mcServo=93 buzzer=0
[TX] aa 00 00 00 5d 00 dd 
[NEW] mcSpeed=0 mcServo=93 buzzer=1
[TX] aa 00 00 00 5d 01 dd 
[NEW] mcSpeed=0 mcServo=93 buzzer=0
[TX] aa 00 00 00 5d 00 dd 
[NEW] mcSpeed=0 mcServo=93 buzzer=0
[TX] aa 00 00 00 5d 00 dd 
[NEW] mcSpeed=0 mcServo=93 buzzer=0
[TX] aa 00 00 00 5d 00 dd 
[NEW] mcSpeed=0 mcServo=93 buzzer=0
[TX] aa 00 00 00 5d 00 dd 
[NEW] mcSpeed=0 mcServo=93 buzzer=1
[TX] aa 00 00 00 5d 01 dd 
[NEW] mcSpeed=0 mcServo=93 buzzer=0
[TX] aa 00 00 00 5d 00 dd 
[NEW] mcSpeed=0 mcServo=93 buzzer=0
[TX] aa 00 00 00 5d 00 dd 
[NEW] mcSpeed=0 mcServo=93 buzzer=0
[TX] aa 00 00 00 5d 00 dd 
[NEW] mcSpeed=0 mcServo=93 buzzer=0
[TX] aa 00 00 00 5d 00 dd 
[NEW] mcSpeed=0 mcServo=93 buzzer=0
[TX] aa 00 00 00 5d 00 dd 
[NEW] mcSpeed=0 mcServo=93 buzzer=0
[TX] aa 00 00 00 5d 00 dd 
[NEW] mcSpeed=0 mcServo=93 buzzer=0
[TX] aa 00 00 00 5d 00 dd 
[NEW] mcSpeed=0 mcServo=93 buzzer=0
[TX] aa 00 00 00 5d 00 dd 
[NEW] mcSpeed=0 mcServo=93 buzzer=0
[TX] aa 00 00 00 5d 00 dd 
[NEW] mcSpeed=0 mcServo=93 buzzer=1
[TX] aa 00 00 00 5d 01 dd 
[NEW] mcSpeed=0 mcServo=93 buzzer=0
[TX] aa 00 00 00 5d 00 dd 
[NEW] mcSpeed=0 mcServo=93 buzzer=0
[TX] aa 00 00 00 5d 00 dd 
[NEW] mcSpeed=0 mcServo=93 buzzer=0
[TX] aa 00 00 00 5d 00 dd 
[NEW] mcSpeed=0 mcServo=93 buzzer=0
[TX] aa 00 00 00 5d 00 dd 
[NEW] mcSpeed=0 mcServo=93 buzzer=0
[TX] aa 00 00 00 5d 00 dd 
[NEW] mcSpeed=0 mcServo=93 buzzer=0
[TX] aa 00 00 00 5d 00 dd 
[NEW] mcSpeed=0 mcServo=93 buzzer=0
[TX] aa 00 00 00 5d 00 dd 
[NEW] mcSpeed=0 mcServo=93 buzzer=0
[TX] aa 00 00 00 5d 00 dd 
[NEW] mcSpeed=0 mcServo=93 buzzer=0
[TX] aa 00 00 00 5d 00 dd 
[NEW] mcSpeed=0 mcServo=93 buzzer=0
[TX] aa 00 00 00 5d 00 dd 
[NEW] mcSpeed=0 mcServo=93 buzzer=0
[TX] aa 00 00 00 5d 00 dd 
[NEW] mcSpeed=0 mcServo=93 buzzer=0
[TX] aa 00 00 00 5d 00 dd 
[NEW] mcSpeed=0 mcServo=93 buzzer=0
[TX] aa 00 00 00 5d 00 dd 
[NEW] mcSpeed=0 mcServo=93 buzzer=0
[TX] aa 00 00 00 5d 00 dd 
[NEW] mcSpeed=0 mcServo=93 buzzer=0
[TX] aa 00 00 00 5d 00 dd 
[NEW] mcSpeed=0 mcServo=93 buzzer=0
[TX] aa 00 00 00 5d 00 dd 
[NEW] mcSpeed=0 mcServo=93 buzzer=0
[TX] aa 00 00 00 5d 00 dd 
[NEW] mcSpeed=0 mcServo=93 buzzer=0
[TX] aa 00 00 00 5d 00 dd 
[NEW] mcSpeed=0 mcServo=93 buzzer=0
[TX] aa 00 00 00 5d 00 dd 
[NEW] mcSpeed=0 mcServo=93 buzzer=0
[TX] aa 00 00 00 5d 00 dd 
[NEW] mcSpeed=0 mcServo=93 buzzer=0
[TX] aa 00 00 00 5d 00 dd 
[NEW] mcSpeed=0 mcServo=93 buzzer=0
[TX] aa 00 00 00 5d 00 dd 
[NEW] mcSpeed=0 mcServo=93 buzzer=0
[TX] aa 00 00 00 5d 00 dd 
[NEW] mcSpeed=0 mcServo=93 buzzer=0
[TX] aa 00 00 00 5d 00 dd 
[NEW] mcSpeed=0 mcServo=93 buzzer=0
[TX] aa 00 00 00 5d 00 dd 
[NEW] mcSpeed=0 mcServo=93 buzzer=0
[TX] aa 00 00 00 5d 00 dd 
[NEW] mcSpeed=0 mcServo=93 buzzer=0
[TX] aa 00 00 00 5d 00 dd 
[NEW] mcSpeed=0 mcServo=93 buzzer=0
[TX] aa 00 00 00 5d 00 dd 
[NEW] mcSpeed=0 mcServo=93 buzzer=0
[TX] aa 00 00 00 5d 00 dd 
[NEW] mcSpeed=0 mcServo=93 buzzer=0
[TX] aa 00 00 00 5d 00 dd 
[NEW] mcSpeed=0 mcServo=93 buzzer=0
[TX] aa 00 00 00 5d 00 dd 
[NEW] mcSpeed=0 mcServo=93 buzzer=0
[TX] aa 00 00 00 5d 00 dd 
[NEW] mcSpeed=0 mcServo=93 buzzer=0
[TX] aa 00 00 00 5d 00 dd 
[NEW] mcSpeed=0 mcServo=93 buzzer=0
[TX] aa 00 00 00 5d 00 dd 
[NEW] mcSpeed=0 mcServo=93 buzzer=0
[TX] aa 00 00 00 5d 00 dd 
[NEW] mcSpeed=0 mcServo=93 buzzer=0
[TX] aa 00 00 00 5d 00 dd 
[NEW] mcSpeed=0 mcServo=93 buzzer=0
[TX] aa 00 00 00 5d 00 dd 
[NEW] mcSpeed=0 mcServo=93 buzzer=0
[TX] aa 00 00 00 5d 00 dd 
[NEW] mcSpeed=0 mcServo=93 buzzer=0
[TX] aa 00 00 00 5d 00 dd 
[NEW] mcSpeed=0 mcServo=95 buzzer=0
[TX] aa 00 00 00 5f 00 dd 
[NEW] mcSpeed=0 mcServo=92 buzzer=0
[TX] aa 00 00 00 5c 00 dd 
[NEW] mcSpeed=0 mcServo=93 buzzer=0
[TX] aa 00 00 00 5d 00 dd 
[NEW] mcSpeed=0 mcServo=93 buzzer=0
[TX] aa 00 00 00 5d 00 dd 
[NEW] mcSpeed=0 mcServo=93 buzzer=0
[TX] aa 00 00 00 5d 00 dd 
[NEW] mcSpeed=0 mcServo=93 buzzer=0
[TX] aa 00 00 00 5d 00 dd 
[NEW] mcSpeed=0 mcServo=93 buzzer=0
[TX] aa 00 00 00 5d 00 dd 
[NEW] mcSpeed=0 mcServo=93 buzzer=0
[TX] aa 00 00 00 5d 00 dd 
[NEW] mcSpeed=0 mcServo=93 buzzer=0
[TX] aa 00 00 00 5d 00 dd 
[NEW] mcSpeed=0 mcServo=93 buzzer=0
[TX] aa 00 00 00 5d 00 dd 
[NEW] mcSpeed=0 mcServo=93 buzzer=0
[TX] aa 00 00 00 5d 00 dd 
[NEW] mcSpeed=0 mcServo=93 buzzer=0
[TX] aa 00 00 00 5d 00 dd 
[NEW] mcSpeed=0 mcServo=93 buzzer=0
[TX] aa 00 00 00 5d 00 dd 
[NEW] mcSpeed=0 mcServo=93 buzzer=0
[TX] aa 00 00 00 5d 00 dd 
[NEW] mcSpeed=0 mcServo=93 buzzer=0
[TX] aa 00 00 00 5d 00 dd 
[NEW] mcSpeed=0 mcServo=93 buzzer=0
[TX] aa 00 00 00 5d 00 dd 
[NEW] mcSpeed=0 mcServo=93 buzzer=0
[TX] aa 00 00 00 5d 00 dd 
[NEW] mcSpeed=0 mcServo=93 buzzer=0
[TX] aa 00 00 00 5d 00 dd 
[NEW] mcSpeed=0 mcServo=93 buzzer=0
[TX] aa 00 00 00 5d 00 dd 
[NEW] mcSpeed=0 mcServo=93 buzzer=0
[TX] aa 00 00 00 5d 00 dd 
[NEW] mcSpeed=0 mcServo=93 buzzer=0
[TX] aa 00 00 00 5d 00 dd 
[NEW] mcSpeed=0 mcServo=93 buzzer=0
[TX] aa 00 00 00 5d 00 dd 
[NEW] mcSpeed=0 mcServo=93 buzzer=0
[TX] aa 00 00 00 5d 00 dd 
[NEW] mcSpeed=0 mcServo=93 buzzer=0
[TX] aa 00 00 00 5d 00 dd 
[NEW] mcSpeed=0 mcServo=93 buzzer=0
[TX] aa 00 00 00 5d 00 dd 
[NEW] mcSpeed=0 mcServo=93 buzzer=0
[TX] aa 00 00 00 5d 00 dd 
[NEW] mcSpeed=0 mcServo=93 buzzer=0
[TX] aa 00 00 00 5d 00 dd 
[NEW] mcSpeed=0 mcServo=93 buzzer=0
[TX] aa 00 00 00 5d 00 dd 
[NEW] mcSpeed=0 mcServo=93 buzzer=0
[TX] aa 00 00 00 5d 00 dd 
[NEW] mcSpeed=0 mcServo=93 buzzer=0
[TX] aa 00 00 00 5d 00 dd 
[NEW] mcSpeed=0 mcServo=93 buzzer=0
[TX] aa 00 00 00 5d 00 dd 
[NEW] mcSpeed=0 mcServo=93 buzzer=0
[TX] aa 00 00 00 5d 00 dd 
[NEW] mcSpeed=0 mcServo=93 buzzer=0
[TX] aa 00 00 00 5d 00 dd 
[NEW] mcSpeed=0 mcServo=93 buzzer=0
[TX] aa 00 00 00 5d 00 dd 
[NEW] mcSpeed=0 mcServo=93 buzzer=0
[TX] aa 00 00 00 5d 00 dd 
[NEW] mcSpeed=0 mcServo=93 buzzer=0
[TX] aa 00 00 00 5d 00 dd 
[NEW] mcSpeed=0 mcServo=93 buzzer=0
[TX] aa 00 00 00 5d 00 dd 
[NEW] mcSpeed=0 mcServo=93 buzzer=0
[TX] aa 00 00 00 5d 00 dd 
[NEW] mcSpeed=0 mcServo=93 buzzer=0
[TX] aa 00 00 00 5d 00 dd 
[NEW] mcSpeed=0 mcServo=93 buzzer=0
[TX] aa 00 00 00 5d 00 dd 
[NEW] mcSpeed=0 mcServo=93 buzzer=0
[TX] aa 00 00 00 5d 00 dd 
[NEW] mcSpeed=0 mcServo=93 buzzer=0
[TX] aa 00 00 00 5d 00 dd 
[NEW] mcSpeed=0 mcServo=93 buzzer=0
[TX] aa 00 00 00 5d 00 dd 
[NEW] mcSpeed=0 mcServo=93 buzzer=0
[TX] aa 00 00 00 5d 00 dd 
[NEW] mcSpeed=0 mcServo=93 buzzer=0
[TX] aa 00 00 00 5d 00 dd 
[NEW] mcSpeed=0 mcServo=93 buzzer=0
[TX] aa 00 00 00 5d 00 dd 
[NEW] mcSpeed=0 mcServo=93 buzzer=0
[TX] aa 00 00 00 5d 00 dd 
[NEW] mcSpeed=0 mcServo=93 buzzer=0
[TX] aa 00 00 00 5d 00 dd 
[NEW] mcSpeed=0 mcServo=93 buzzer=0
[TX] aa 00 00 00 5d 00 dd 
[NEW] mcSpeed=0 mcServo=93 buzzer=0
[TX] aa 00 00 00 5d 00 dd 
[NEW] mcSpeed=0 mcServo=93 buzzer=0
[TX] aa 00 00 00 5d 00 dd 
[NEW] mcSpeed=0 mcServo=93 buzzer=0
[TX] aa 00 00 00 5d 00 dd 
[NEW] mcSpeed=0 mcServo=93 buzzer=0
[TX] aa 00 00 00 5d 00 dd 
[NEW] mcSpeed=0 mcServo=93 buzzer=0
[TX] aa 00 00 00 5d 00 dd 
[NEW] mcSpeed=0 mcServo=93 buzzer=0
[TX] aa 00 00 00 5d 00 dd 
[NEW] mcSpeed=0 mcServo=93 buzzer=0
[TX] aa 00 00 00 5d 00 dd 
[NEW] mcSpeed=0 mcServo=93 buzzer=0
[TX] aa 00 00 00 5d 00 dd 
[NEW] mcSpeed=0 mcServo=93 buzzer=0
[TX] aa 00 00 00 5d 00 dd 
[NEW] mcSpeed=0 mcServo=93 buzzer=0
[TX] aa 00 00 00 5d 00 dd 
[NEW] mcSpeed=0 mcServo=93 buzzer=0
[TX] aa 00 00 00 5d 00 dd 
[NEW] mcSpeed=0 mcServo=93 buzzer=0
[TX] aa 00 00 00 5d 00 dd 
[NEW] mcSpeed=0 mcServo=93 buzzer=0
[TX] aa 00 00 00 5d 00 dd 
[NEW] mcSpeed=0 mcServo=93 buzzer=0
[TX] aa 00 00 00 5d 00 dd 
[NEW] mcSpeed=0 mcServo=93 buzzer=0
[TX] aa 00 00 00 5d 00 dd 
[NEW] mcSpeed=0 mcServo=93 buzzer=0
[TX] aa 00 00 00 5d 00 dd 
[NEW] mcSpeed=0 mcServo=93 buzzer=0
[TX] aa 00 00 00 5d 00 dd 
[NEW] mcSpeed=0 mcServo=93 buzzer=0
[TX] aa 00 00 00 5d 00 dd 
[NEW] mcSpeed=0 mcServo=93 buzzer=0
[TX] aa 00 00 00 5d 00 dd 
[NEW] mcSpeed=0 mcServo=93 buzzer=0
[TX] aa 00 00 00 5d 00 dd 
[NEW] mcSpeed=0 mcServo=93 buzzer=0
[TX] aa 00 00 00 5d 00 dd 
[NEW] mcSpeed=0 mcServo=93 buzzer=0
[TX] aa 00 00 00 5d 00 dd 
[NEW] mcSpeed=0 mcServo=93 buzzer=0
[TX] aa 00 00 00 5d 00 dd 
[Manual] Remote control connected
[Icar] Remote connected, starting manual takeover
[Busy] Starting manual takeover
[Icar] Manual takeover active.
[Manual] Received image to send: size=320x240
[NEW] mcSpeed=0 mcServo=90 buzzer=0
[TX] aa 00 00 00 5a 00 dd 
[Icar] Manual takeover active.
[Manual] Sending image: size=3736
[Manual] Received image to send: size=320x240
[NEW] mcSpeed=0 mcServo=90 buzzer=0
[TX] aa 00 00 00 5a 00 dd 
[Icar] Manual takeover active.
[Manual] Received image to send: size=320x240
[Manual] Sending image: size=3738
[NEW] mcSpeed=0 mcServo=90 buzzer=0
[TX] aa 00 00 00 5a 00 dd 
[Manual] Sending image: size=3736
[Icar] Manual takeover active.
[Manual] Received image to send: size=320x240
[NEW] mcSpeed=0 mcServo=90 buzzer=0
[TX] aa 00 00 00 5a 00 dd 
[Icar] Manual takeover active.
[Manual] Received image to send: size=320x240
[NEW] mcSpeed=0 mcServo=90 buzzer=0
[TX] aa 00 00 00 5a 00 dd 
[Manual] Sending image: size=3741
[Icar] Manual takeover active.
[Manual] Received image to send: size=320x240
[NEW] mcSpeed=0 mcServo=90 buzzer=0
[TX] aa 00 00 00 5a 00 dd 
[Manual] Sending image: size=3741
[Icar] Manual takeover active.
[Manual] Received image to send: size=320x240
[NEW] mcSpeed=0 mcServo=90 buzzer=0
[TX] aa 00 00 00 5a 00 dd 
[Manual] Sending image: size=3726
[Icar] Manual takeover active.
[Manual] Received image to send: size=320x240
[NEW] mcSpeed=0 mcServo=90 buzzer=0
[TX] aa 00 00 00 5a 00 dd 
[Icar] Manual takeover active.
[Manual] Received image to send: size=320x240
[NEW] mcSpeed=0 mcServo=90 buzzer=0
[TX] aa 00 00 00 5a 00 dd 
[Manual] Sending image: size=3741
[Icar] Manual takeover active.
[Manual] Received image to send: size=320x240
[NEW] mcSpeed=0 mcServo=90 buzzer=0
[TX] aa 00 00 00 5a 00 dd 
[Manual] Sending image: size=3738
[Icar] Manual takeover active.
[Manual] Received image to send: size=320x240
[NEW] mcSpeed=0 mcServo=90 buzzer=0
[TX] aa 00 00 00 5a 00 dd 
[Icar] Manual takeover active.
[Manual] Sending image: size=3731
[Manual] Received image to send: size=320x240
[NEW] mcSpeed=0 mcServo=90 buzzer=0
[TX] aa 00 00 00 5a 00 dd 
[Icar] Manual takeover active.
[Manual] Sending image: size=3741
[Manual] Received image to send: size=320x240
[NEW] mcSpeed=0 mcServo=90 buzzer=0
[TX] aa 00 00 00 5a 00 dd 
[Icar] Manual takeover active.
[Manual] Received image to send: size=320x240
[NEW] mcSpeed=0 mcServo=90 buzzer=0
[TX] aa 00 00 00 5a 00 dd 
[Manual] Sending image: size=3748
[Icar] Manual takeover active.
[Manual] Received image to send: size=320x240
[NEW] mcSpeed=0 mcServo=90 buzzer=0
[TX] aa 00 00 00 5a 00 dd 
[Manual] Sending image: size=3736
[Icar] Manual takeover active.
[Manual] Received image to send: size=320x240
[NEW] mcSpeed=0 mcServo=90 buzzer=0
[TX] aa 00 00 00 5a 00 dd 
[Manual] Sending image: size=3746
[Icar] Manual takeover active.
[Manual] Received image to send: size=320x240
[NEW] mcSpeed=0 mcServo=90 buzzer=0
[TX] aa 00 00 00 5a 00 dd 
[Manual] Sending image: size=3738
[Icar] Manual takeover active.
[Manual] Received image to send: size=320x240
[NEW] mcSpeed=0 mcServo=90 buzzer=0
[TX] aa 00 00 00 5a 00 dd 
[Icar] Manual takeover active.
[Manual] Received image to send: size=320x240
[NEW] mcSpeed=0 mcServo=90 buzzer=0
[TX] aa 00 00 00 5a 00 dd 
[Manual] Sending image: size=3735
[Icar] Manual takeover active.
[Manual] Received image to send: size=320x240
[NEW] mcSpeed=0 mcServo=90 buzzer=0
[TX] aa 00 00 00 5a 00 dd 
[Manual] Sending image: size=3751
[Icar] Manual takeover active.
[Manual] Received image to send: size=320x240
[NEW] mcSpeed=0 mcServo=90 buzzer=0
[TX] aa 00 00 00 5a 00 dd 
[Manual] Sending image: size=3738
[Icar] Manual takeover active.
[Manual] Received image to send: size=320x240
[NEW] mcSpeed=0 mcServo=90 buzzer=0
[TX] aa 00 00 00 5a 00 dd 
[Icar] Manual takeover active.
[Manual] Sending image: size=3736
[Manual] Received image to send: size=320x240
[NEW] mcSpeed=0 mcServo=90 buzzer=0
[TX] aa 00 00 00 5a 00 dd 
[Manual] Sending image: size=3752
[Icar] Manual takeover active.
[Manual] Received image to send: size=320x240
[NEW] mcSpeed=0 mcServo=90 buzzer=0
[TX] aa 00 00 00 5a 00 dd 
[Manual] Sending image: size=3746
[Icar] Manual takeover active.
[Manual] Received image to send: size=320x240
[NEW] mcSpeed=0 mcServo=90 buzzer=0
[TX] aa 00 00 00 5a 00 dd 
[Manual] Sending image: size=3745
[Icar] Manual takeover active.
[Manual] Received image to send: size=320x240
[NEW] mcSpeed=0 mcServo=90 buzzer=0
[TX] aa 00 00 00 5a 00 dd 
[Manual] Sending image: size=3744
[Icar] Manual takeover active.
[Manual] Received image to send: size=320x240
[NEW] mcSpeed=0 mcServo=90 buzzer=0
[TX] aa 00 00 00 5a 00 dd 
[Manual] Sending image: size=3737
[Icar] Manual takeover active.
[Manual] Received image to send: size=320x240
[NEW] mcSpeed=0 mcServo=90 buzzer=0
[TX] aa 00 00 00 5a 00 dd 
[Icar] Manual takeover active.
[Manual] Sending image: size=3747
[Manual] Received image to send: size=320x240
[NEW] mcSpeed=0 mcServo=90 buzzer=0
[TX] aa 00 00 00 5a 00 dd 
[Manual] Sending image: size=3747
[Icar] Manual takeover active.
[Manual] Received image to send: size=320x240
[NEW] mcSpeed=0 mcServo=90 buzzer=0
[TX] aa 00 00 00 5a 00 dd 
[Manual] Sending image: size=3748
[Manual] Command received: A
[Icar] Manual takeover active.
[Manual] Command received: A
[Manual] Command received: A
[Manual] Command received: A
[Manual] Command received: WA
[Manual] Command received: WA
[Manual] Applying manual control - Forward:1, Backward:0, Left:1, Right:0
[Manual] Received image to send: size=320x240
[NEW] mcSpeed=13 mcServo=108 buzzer=0
[TX] aa 00 0d 00 6c 00 dd 
[Manual] Command received: WA
[Icar] Manual takeover active.
[Manual] Applying manual control - Forward:1, Backward:0, Left:1, Right:0
[Manual] Received image to send: size=320x240
[NEW] mcSpeed=13 mcServo=108 buzzer=0
[TX] aa 00 0d 00 6c 00 dd 
[Manual] Command received: WA
[Manual] Sending image: size=3750
[Manual] Command received: WA
[Manual] Command received: WA
[Manual] Command received: WA
[Icar] Manual takeover active.
[Manual] Command received: WA
[Manual] Applying manual control - Forward:1, Backward:0, Left:1, Right:0
[Manual] Received image to send: size=320x240
[NEW] mcSpeed=13 mcServo=108 buzzer=0
[TX] aa 00 0d 00 6c 00 dd 
[Manual] Sending image: size=3745
[Manual] Command received: WA
[Manual] Command received: WA
[Icar] Manual takeover active.
[Manual] Command received: WA
[Manual] Applying manual control - Forward:1, Backward:0, Left:1, Right:0
[Manual] Received image to send: size=320x240
[NEW] mcSpeed=13 mcServo=108 buzzer=0
[TX] aa 00 0d 00 6c 00 dd 
[Manual] Command received: WA
[Manual] Command received: WA
[Icar] Manual takeover active.
[Manual] Sending image: size=3744
[Manual] Command received: WA
[Manual] Command received: WA
[Manual] Command received: WA
[Manual] Command received: WA
[Manual] Command received: WA
[Manual] Applying manual control - Forward:1, Backward:0, Left:1, Right:0
[Manual] Received image to send: size=320x240
[NEW] mcSpeed=13 mcServo=108 buzzer=0
[TX] aa 00 0d 00 6c 00 dd 
[Manual] Sending image: size=3750
[Icar] Manual takeover active.
[Manual] Command received: WA
[Manual] Applying manual control - Forward:1, Backward:0, Left:1, Right:0
[Manual] Received image to send: size=320x240
[NEW] mcSpeed=13 mcServo=108 buzzer=0
[TX] aa 00 0d 00 6c 00 dd 
[Manual] Command received: WA
[Manual] Sending image: size=3753
[Manual] Command received: WA
[Manual] Command received: WA
[Icar] Manual takeover active.
[Manual] Command received: WA
[Manual] Command received: WA
[Manual] Command received: WA
[Manual] Applying manual control - Forward:1, Backward:0, Left:1, Right:0
[Manual] Received image to send: size=320x240
[NEW] mcSpeed=13 mcServo=108 buzzer=0
[TX] aa 00 0d 00 6c 00 dd 
[Manual] Command received: WA
[Icar] Manual takeover active.
[Manual] Applying manual control - Forward:1, Backward:0, Left:1, Right:0
[Manual] Received image to send: size=320x240
[NEW] mcSpeed=13 mcServo=108 buzzer=0
[TX] aa 00 0d 00 6c 00 dd 
[Manual] Command received: WA
[Manual] Sending image: size=3738
[Manual] Command received: WA
[Manual] Command received: WA
[Icar] Manual takeover active.
[Manual] Command received: WA
[Manual] Command received: WA
[Manual] Command received: WA
[Manual] Command received: WA
[Manual] Command received: WA
[Manual] Command received: WA
[Manual] Command received: WA
[Manual] Applying manual control - Forward:1, Backward:0, Left:1, Right:0
[Manual] Received image to send: size=320x240
[NEW] mcSpeed=13 mcServo=108 buzzer=0
[TX] aa 00 0d 00 6c 00 dd 
[Manual] Command received: WA
[Icar] Manual takeover active.
[Manual] Command received: WA
[Manual] Applying manual control - Forward:1, Backward:0, Left:1, Right:0
[Manual] Received image to send: size=320x240
[NEW] mcSpeed=13 mcServo=108 buzzer=0
[TX] aa 00 0d 00 6c 00 dd 
[Manual] Sending image: size=3440
[Manual] Command received: WA
[Manual] Command received: WA
[Manual] Command received: WA
[Icar] Manual takeover active.
[Manual] Command received: WA
[Manual] Command received: WA
[Manual] Applying manual control - Forward:1, Backward:0, Left:1, Right:0
[Manual] Received image to send: size=320x240
[NEW] mcSpeed=13 mcServo=108 buzzer=0
[TX] aa 00 0d 00 6c 00 dd 
[Manual] Command received: WA
[Icar] Manual takeover active.
[Manual] Command received: WA
[Manual] Sending image: size=3345
[Manual] Command received: WA
[Manual] Command received: WA
[Manual] Applying manual control - Forward:1, Backward:0, Left:1, Right:0
[Manual] Received image to send: size=320x240
[NEW] mcSpeed=13 mcServo=108 buzzer=0
[TX] aa 00 0d 00 6c 00 dd 
[Manual] Command received: WA
[Icar] Manual takeover active.
[Manual] Applying manual control - Forward:1, Backward:0, Left:1, Right:0
[Manual] Received image to send: size=320x240
[NEW] mcSpeed=13 mcServo=108 buzzer=0
[TX] aa 00 0d 00 6c 00 dd 
[Manual] Command received: WA
[Manual] Sending image: size=3350
[Manual] Command received: WA
[Manual] Command received: WA
[Icar] Manual takeover active.
[Manual] Command received: WA
[Manual] Command received: WA
[Manual] Command received: WA
[Manual] Command received: WA
[Manual] Command received: WA
[Manual] Command received: WA
[Manual] Command received: WA
[Manual] Command received: WA
[Manual] Applying manual control - Forward:1, Backward:0, Left:1, Right:0
[Manual] Received image to send: size=320x240
[NEW] mcSpeed=13 mcServo=108 buzzer=0
[TX] aa 00 0d 00 6c 00 dd 
[Manual] Command received: WA
[Icar] Manual takeover active.
[Manual] Command received: WA
[Manual] Sending image: size=3407
[Manual] Command received: WA
[Manual] Command received: WA
[Manual] Applying manual control - Forward:1, Backward:0, Left:1, Right:0
[Manual] Received image to send: size=320x240
[NEW] mcSpeed=13 mcServo=108 buzzer=0
[TX] aa 00 0d 00 6c 00 dd 
[Manual] Command received: WA
[Icar] Manual takeover active.
[Manual] Command received: WA
[Manual] Sending image: size=3472
[Manual] Command received: WA
[Manual] Command received: WA
[Manual] Command received: WA
[Manual] Applying manual control - Forward:1, Backward:0, Left:1, Right:0
[Manual] Received image to send: size=320x240
[NEW] mcSpeed=13 mcServo=108 buzzer=0
[TX] aa 00 0d 00 6c 00 dd 
[Manual] Command received: WA
[Icar] Manual takeover active.
[Manual] Command received: WA
[Manual] Sending image: size=3529
[Manual] Command received: WA
[Manual] Command received: WA
[Manual] Command received: WA
[Manual] Command received: WA
[Manual] Command received: WA
[Manual] Command received: WA
[Manual] Command received: WA
[Manual] Command received: WA
[Manual] Command received: WA
[Manual] Command received: WA
[Manual] Command received: WA
[Manual] Command received: WA
[Manual] Command received: WA
[Manual] Command received: WA
[Manual] Command received: WA
[Manual] Command received: WA
[Manual] Command received: WA
[Manual] Command received: WA
[Manual] Command received: WA
[Manual] Command received: WA
[Manual] Command received: WA
[Manual] Command received: WA
[Manual] Command received: WA
[Manual] Command received: WA
[Manual] Command received: WA
[Manual] Command received: WA
[Manual] Command received: WA
[Manual] Command received: WA
[Manual] Command received: WA
[Manual] Applying manual control - Forward:1, Backward:0, Left:1, Right:0
[Manual] Received image to send: size=320x240
[NEW] mcSpeed=13 mcServo=108 buzzer=0
[TX] aa 00 0d 00 6c 00 dd 
[Manual] Command received: WA
[Manual] Command received: WA
[Manual] Sending image: size=3563
[Icar] Manual takeover active.
[Manual] Command received: WA
[Manual] Command received: WA
[Manual] Command received: WA
[Manual] Command received: WA
[Manual] Command received: WA
[Manual] Command received: WA
[Manual] Command received: WA
[Manual] Command received: WA
[Manual] Applying manual control - Forward:1, Backward:0, Left:1, Right:0
[Manual] Received image to send: size=320x240
[NEW] mcSpeed=13 mcServo=108 buzzer=0
[TX] aa 00 0d 00 6c 00 dd 
[Manual] Command received: WA
[Icar] Manual takeover active.
[Manual] Command received: WA
[Manual] Sending image: size=3630
[Manual] Command received: WA
[Manual] Applying manual control - Forward:1, Backward:0, Left:1, Right:0
[Manual] Received image to send: size=320x240
[NEW] mcSpeed=13 mcServo=108 buzzer=0
[TX] aa 00 0d 00 6c 00 dd 
[Manual] Command received: WA
[Manual] Command received: WA
[Icar] Manual takeover active.
[Manual] Applying manual control - Forward:1, Backward:0, Left:1, Right:0
[Manual] Received image to send: size=320x240
[NEW] mcSpeed=13 mcServo=108 buzzer=0
[TX] aa 00 0d 00 6c 00 dd 
[Manual] Sending image: size=3886
[Manual] Command received: WA
[Manual] Command received: WA
[Manual] Command received: WA
[Icar] Manual takeover active.
[Manual] Applying manual control - Forward:1, Backward:0, Left:1, Right:0
[Manual] Received image to send: size=320x240
[NEW] mcSpeed=13 mcServo=108 buzzer=0
[TX] aa 00 0d 00 6c 00 dd 
[Manual] Command received: WA
[Manual] Command received: WA
[Manual] Sending image: size=4004
[Manual] Command received: WA
[Icar] Manual takeover active.
[Manual] Command received: WA
[Manual] Applying manual control - Forward:1, Backward:0, Left:1, Right:0
[Manual] Received image to send: size=320x240
[NEW] mcSpeed=13 mcServo=108 buzzer=0
[TX] aa 00 0d 00 6c 00 dd 
[Manual] Command received: WA
[Manual] Sending image: size=3862
[Manual] Command received: WA
[Icar] Manual takeover active.
[Manual] Command received: WA
[Manual] Applying manual control - Forward:1, Backward:0, Left:1, Right:0
[Manual] Received image to send: size=320x240
[NEW] mcSpeed=13 mcServo=108 buzzer=0
[TX] aa 00 0d 00 6c 00 dd 
[Manual] Command received: WA
[Manual] Sending image: size=4294
[Manual] Command received: WA
[Icar] Manual takeover active.
[Manual] Command received: WA
[Manual] Command received: WA
[Manual] Command received: WA
[Manual] Command received: WA
[Manual] Command received: WA
[Manual] Command received: WA
[Manual] Command received: WA
[Manual] Command received: WA
[Manual] Command received: WA
[Manual] Command received: WA
[Manual] Command received: WA
[Manual] Command received: WA
[Manual] Command received: WA
[Manual] Command received: WA
[Manual] Command received: WA
[Manual] Command received: WA
[Manual] Command received: WA
[Manual] Applying manual control - Forward:1, Backward:0, Left:1, Right:0
[Manual] Received image to send: size=320x240
[NEW] mcSpeed=13 mcServo=108 buzzer=0
[TX] aa 00 0d 00 6c 00 dd 
[Manual] Command received: WA
[Manual] Command received: WA
[Icar] Manual takeover active.
[Manual] Sending image: size=4457
[Manual] Command received: WA
[Manual] Command received: WA
[Manual] Command received: WA
[Manual] Command received: WA
[Manual] Applying manual control - Forward:1, Backward:0, Left:1, Right:0
[Manual] Received image to send: size=320x240
[NEW] mcSpeed=13 mcServo=108 buzzer=0
[TX] aa 00 0d 00 6c 00 dd 
[Manual] Command received: WA
[Icar] Manual takeover active.
[Manual] Applying manual control - Forward:1, Backward:0, Left:1, Right:0
[Manual] Received image to send: size=320x240
[NEW] mcSpeed=13 mcServo=108 buzzer=0
[TX] aa 00 0d 00 6c 00 dd 
[Manual] Command received: WA
[Manual] Sending image: size=4602
[Manual] Command received: WA
[Manual] Command received: WA
[Icar] Manual takeover active.
[Manual] Command received: WA
[Manual] Applying manual control - Forward:1, Backward:0, Left:1, Right:0
[Manual] Received image to send: size=320x240
[NEW] mcSpeed=13 mcServo=108 buzzer=0
[TX] aa 00 0d 00 6c 00 dd 
[Manual] Command received: WA
[Manual] Command received: WA
[Manual] Sending image: size=4685
[Icar] Manual takeover active.
[Manual] Command received: WA
[Manual] Command received: WA
[Manual] Applying manual control - Forward:1, Backward:0, Left:1, Right:0
[Manual] Received image to send: size=320x240
[NEW] mcSpeed=13 mcServo=108 buzzer=0
[TX] aa 00 0d 00 6c 00 dd 
[Manual] Command received: WA
[Manual] Sending image: size=4832
[Manual] Command received: WA
[Icar] Manual takeover active.
[Manual] Command received: WA
[Manual] Command received: WA
[Manual] Command received: WA
[Manual] Command received: WA
[Manual] Command received: WA
[Manual] Command received: WA
[Manual] Command received: WA
[Manual] Command received: WA
[Manual] Command received: WA
[Manual] Command received: WA
[Manual] Command received: WA
[Manual] Command received: WA
[Manual] Command received: WA
[Manual] Command received: WA
[Manual] Command received: WA
[Manual] Command received: WA
[Manual] Command received: WA
[Manual] Command received: WA
[Manual] Command received: WA
[Manual] Command received: WA
[Manual] Command received: WA
[Manual] Command received: WA
[Manual] Command received: WA
[Manual] Command received: WA
[Manual] Command received: WA
[Manual] Command received: WA
[Manual] Applying manual control - Forward:1, Backward:0, Left:1, Right:0
[Manual] Received image to send: size=320x240
[NEW] mcSpeed=13 mcServo=108 buzzer=0
[TX] aa 00 0d 00 6c 00 dd 
[Manual] Sending image: size=5351
[Manual] Command received: WA
[Manual] Command received: WA
[Icar] Manual takeover active.
[Manual] Applying manual control - Forward:1, Backward:0, Left:1, Right:0
[Manual] Received image to send: size=320x240
[NEW] mcSpeed=13 mcServo=108 buzzer=0
[TX] aa 00 0d 00 6c 00 dd 
[Manual] Command received: WA
[Manual] Sending image: size=5494
[Manual] Command received: WA
[Manual] Command received: WA
[Icar] Manual takeover active.
[Manual] Command received: WA
[Manual] Applying manual control - Forward:1, Backward:0, Left:1, Right:0
[Manual] Received image to send: size=320x240
[NEW] mcSpeed=13 mcServo=108 buzzer=0
[TX] aa 00 0d 00 6c 00 dd 
[Manual] Command received: WA
[Manual] Command received: WA
[Manual] Sending image: size=5500
[Icar] Manual takeover active.
[Manual] Command received: WA
[Manual] Command received: WA
[Manual] Command received: WA
[Manual] Command received: WA
[Manual] Command received: WA
[Manual] Command received: WA
[Manual] Command received: WA
[Manual] Command received: WA
[Manual] Command received: WA
[Manual] Applying manual control - Forward:1, Backward:0, Left:1, Right:0
[Manual] Received image to send: size=320x240
[NEW] mcSpeed=13 mcServo=108 buzzer=0
[TX] aa 00 0d 00 6c 00 dd 
[Manual] Command received: WA
[Icar] Manual takeover active.
[Manual] Command received: WA
[Manual] Sending image: size=5608
[Manual] Command received: WA
[Manual] Command received: WA
[Manual] Command received: WA
[Manual] Command received: WA
[Manual] Applying manual control - Forward:1, Backward:0, Left:1, Right:0
[Manual] Received image to send: size=320x240
[NEW] mcSpeed=13 mcServo=108 buzzer=0
[TX] aa 00 0d 00 6c 00 dd 
[Manual] Command received: WA
[Icar] Manual takeover active.
[Manual] Command received: WA
[Manual] Sending image: size=5624
[Manual] Command received: WA
[Manual] Command received: WA
[Manual] Command received: WA
[Manual] Applying manual control - Forward:1, Backward:0, Left:1, Right:0
[Manual] Received image to send: size=320x240
[NEW] mcSpeed=13 mcServo=108 buzzer=0
[TX] aa 00 0d 00 6c 00 dd 
[Manual] Command received: WA
[Icar] Manual takeover active.
[Manual] Applying manual control - Forward:1, Backward:0, Left:1, Right:0
[Manual] Received image to send: size=320x240
[NEW] mcSpeed=13 mcServo=108 buzzer=0
[TX] aa 00 0d 00 6c 00 dd 
[Manual] Command received: WA
[Manual] Sending image: size=5942
[Manual] Command received: WA
[Manual] Command received: WA
[Icar] Manual takeover active.
[Manual] Command received: WA
[Manual] Applying manual control - Forward:1, Backward:0, Left:1, Right:0
[Manual] Received image to send: size=320x240
[NEW] mcSpeed=13 mcServo=108 buzzer=0
[TX] aa 00 0d 00 6c 00 dd 
[Manual] Command received: A
[Manual] Stop command received
[Manual] Sending image: size=5950
[Icar] Manual takeover active.
[Manual] Received image to send: size=320x240
[NEW] mcSpeed=0 mcServo=90 buzzer=0
[TX] aa 00 00 00 5a 00 dd 
[Icar] Manual takeover active.
[Manual] Sending image: size=6552
[Manual] Command received: D
[Manual] Command received: D
[Manual] Command received: SD
[Manual] Command received: SD
[Manual] Command received: SD
[Manual] Command received: SD
[Manual] Command received: SD
[Manual] Command received: SD
[Manual] Command received: SD
[Manual] Command received: SD
[Manual] Command received: SD
[Manual] Command received: SD
[Manual] Command received: SD
[Manual] Command received: SD
[Manual] Command received: SD
[Manual] Command received: SD
[Manual] Command received: SD
[Manual] Command received: SD
[Manual] Command received: SD
[Manual] Command received: SD
[Manual] Command received: SD
[Manual] Command received: SD
[Manual] Command received: SD
[Manual] Command received: SD
[Manual] Command received: SD
[Manual] Command received: SD
[Manual] Command received: SD
[Manual] Command received: SD
[Manual] Command received: SD
[Manual] Command received: SD
[Manual] Command received: SD
[Manual] Command received: SD
[Manual] Command received: SD
[Manual] Command received: SD
[Manual] Command received: SD
[Manual] Command received: SD
[Manual] Command received: SD
[Manual] Command received: S
[Manual] Command received: S
[Manual] Command received: S
[Manual] Command received: S
[Manual] Command received: SD
[Manual] Command received: SD
[Manual] Command received: SD
[Manual] Command received: SD
[Manual] Command received: SD
[Manual] Command received: SD
[Manual] Command received: SD
[Manual] Command received: SD
[Manual] Command received: SD
[Manual] Command received: SD
[Manual] Command received: SD
[Manual] Command received: SD
[Manual] Command received: SD
[Manual] Command received: SD
[Manual] Command received: SD
[Manual] Command received: SD
[Manual] Command received: SD
[Manual] Command received: SD
[Manual] Command received: SD
[Manual] Command received: S
[Manual] Command received: S
[Manual] Command received: S
[Manual] Command received: S
[Manual] Command received: S
[Manual] Stop command received
[Manual] Command received: D
[Manual] Command received: D
[Manual] Command received: SD
[Manual] Command received: SD
[Manual] Command received: SD
[Manual] Command received: SD
[Manual] Command received: SD
[Manual] Command received: SD
[Manual] Command received: SD
[Manual] Command received: SD
[Manual] Command received: SD
[Manual] Command received: SD
[Manual] Applying manual control - Forward:0, Backward:1, Left:0, Right:1
[Manual] Received image to send: size=320x240
[NEW] mcSpeed=-13 mcServo=72 buzzer=0
[TX] aa ff f3 00 48 00 dd 
[Manual] Command received: SD
[Icar] Manual takeover active.
[Manual] Sending image: size=6560
[Manual] Command received: SD
[Manual] Command received: SD
[Manual] Command received: SD
[Manual] Command received: SD
[Manual] Command received: SD
[Manual] Command received: SD
[Manual] Command received: SD
[Manual] Command received: SD
[Manual] Command received: SD
[Manual] Command received: SD
[Manual] Command received: SD
[Manual] Applying manual control - Forward:0, Backward:1, Left:0, Right:1
[Manual] Received image to send: size=320x240
[NEW] mcSpeed=-13 mcServo=72 buzzer=0
[TX] aa ff f3 00 48 00 dd 
[Manual] Command received: SD
[Manual] Command received: SD
[Manual] Sending image: size=6593
[Manual] Command received: SD
[Icar] Manual takeover active.
[Manual] Command received: SD
[Manual] Applying manual control - Forward:0, Backward:1, Left:0, Right:1
[Manual] Received image to send: size=320x240
[NEW] mcSpeed=-13 mcServo=72 buzzer=0
[TX] aa ff f3 00 48 00 dd 
[Manual] Command received: SD
[Icar] Manual takeover active.
[Manual] Command received: SD
[Manual] Sending image: size=6617
[Manual] Command received: SD
[Manual] Command received: SD
[Manual] Command received: SD
[Manual] Command received: SD
[Manual] Command received: SD
[Manual] Command received: SD
[Manual] Command received: SD
[Manual] Command received: SD
[Manual] Command received: D
[Manual] Command received: D
[Manual] Stop command received
[Manual] Command received: W
[Manual] Command received: W
[Manual] Command received: W
[Manual] Command received: WA
[Manual] Command received: WA
[Manual] Command received: WA
[Manual] Command received: WA
[Manual] Command received: WA
[Manual] Command received: WA
[Manual] Command received: WA
[Manual] Command received: WA
[Manual] Command received: WA
[Manual] Command received: WA
[Manual] Command received: WA
[Manual] Command received: WA
[Manual] Command received: WA
[Manual] Applying manual control - Forward:1, Backward:0, Left:1, Right:0
[Manual] Received image to send: size=320x240
[NEW] mcSpeed=13 mcServo=108 buzzer=0
[TX] aa 00 0d 00 6c 00 dd 
[Manual] Command received: WA
[Manual] Command received: WA
[Icar] Manual takeover active.
[Manual] Sending image: size=6632
[Manual] Command received: WA
[Manual] Command received: WA
[Manual] Applying manual control - Forward:1, Backward:0, Left:1, Right:0
[Manual] Received image to send: size=320x240
[NEW] mcSpeed=13 mcServo=108 buzzer=0
[TX] aa 00 0d 00 6c 00 dd 
[Manual] Command received: WA
[Icar] Manual takeover active.
[Manual] Command received: WA
[Manual] Sending image: size=6663
[Manual] Command received: WA
[Manual] Command received: WA
[Manual] Command received: WA
[Manual] Command received: WA
[Manual] Command received: WA
[Manual] Command received: WA
[Manual] Command received: WA
[Manual] Command received: WA
[Manual] Command received: WA
[Manual] Command received: WA
[Manual] Command received: WA
[Manual] Command received: WA
[Manual] Command received: WA
[Manual] Command received: WA
[Manual] Command received: WA
[Manual] Command received: WA
[Manual] Command received: W
[Manual] Command received: W
[Manual] Command received: W
[Manual] Command received: W
[Manual] Command received: W
[Manual] Command received: W
[Manual] Command received: W
[Manual] Command received: W
[Manual] Stop command received
[Manual] Received image to send: size=320x240
[NEW] mcSpeed=0 mcServo=90 buzzer=0
[TX] aa 00 00 00 5a 00 dd 
[Manual] Sending image: size=6905
[Icar] Manual takeover active.
[Manual] Received image to send: size=320x240
[NEW] mcSpeed=0 mcServo=90 buzzer=0
[TX] aa 00 00 00 5a 00 dd 
[Manual] Sending image: size=6548
[Icar] Manual takeover active.
[Manual] Command received: D
[Manual] Command received: D
[Manual] Command received: D
[Manual] Command received: D
[Manual] Command received: D
[Manual] Command received: D
[Manual] Command received: D
[Manual] Command received: D
[Manual] Command received: D
[Manual] Command received: D
[Manual] Command received: D
[Manual] Command received: D
[Manual] Command received: D
[Manual] Command received: WD
[Manual] Command received: WD
[Manual] Command received: WD
[Manual] Command received: WD
[Manual] Command received: WD
[Manual] Command received: WD
[Manual] Command received: WD
[Manual] Command received: WD
[Manual] Command received: WD
[Manual] Command received: WD
[Manual] Command received: WD
[Manual] Command received: WD
[Manual] Command received: WD
[Manual] Command received: WD
[Manual] Command received: WD
[Manual] Command received: WD
[Manual] Command received: WD
[Manual] Command received: WD
[Manual] Command received: WD
[Manual] Command received: WD
[Manual] Command received: WD
[Manual] Command received: WD
[Manual] Command received: WD
[Manual] Command received: WD
[Manual] Command received: WD
[Manual] Command received: WD
[Manual] Command received: WD
[Manual] Applying manual control - Forward:1, Backward:0, Left:0, Right:1
[Manual] Received image to send: size=320x240
[NEW] mcSpeed=13 mcServo=72 buzzer=0
[TX] aa 00 0d 00 48 00 dd 
[Manual] Command received: WD
[Manual] Command received: WD
[Icar] Manual takeover active.
[Manual] Sending image: size=6479
[Manual] Command received: WD
[Manual] Command received: WD
[Manual] Command received: WD
[Manual] Command received: WD
[Manual] Command received: WD
[Manual] Applying manual control - Forward:1, Backward:0, Left:0, Right:1
[Manual] Received image to send: size=320x240
[NEW] mcSpeed=13 mcServo=72 buzzer=0
[TX] aa 00 0d 00 48 00 dd 
[Manual] Command received: WD
[Icar] Manual takeover active.
[Manual] Applying manual control - Forward:1, Backward:0, Left:0, Right:1
[Manual] Received image to send: size=320x240
[NEW] mcSpeed=13 mcServo=72 buzzer=0
[TX] aa 00 0d 00 48 00 dd 
[Manual] Command received: WD
[Manual] Sending image: size=6335
[Manual] Command received: WD
[Manual] Command received: WD
[Icar] Manual takeover active.
[Manual] Command received: WD
[Manual] Command received: WD
[Manual] Command received: WD
[Manual] Command received: WD
[Manual] Command received: WD
[Manual] Command received: WD
[Manual] Command received: WD
[Manual] Command received: WD
[Manual] Command received: WD
[Manual] Applying manual control - Forward:1, Backward:0, Left:0, Right:1
[Manual] Received image to send: size=320x240
[NEW] mcSpeed=13 mcServo=72 buzzer=0
[TX] aa 00 0d 00 48 00 dd 
[Manual] Command received: WD
[Icar] Manual takeover active.
[Manual] Command received: WD
[Manual] Applying manual control - Forward:1, Backward:0, Left:0, Right:1
[Manual] Received image to send: size=320x240
[NEW] mcSpeed=13 mcServo=72 buzzer=0
[TX] aa 00 0d 00 48 00 dd 
[Manual] Sending image: size=4939
[Manual] Command received: WD
[Manual] Command received: WD
[Manual] Command received: WD
[Icar] Manual takeover active.
[Manual] Command received: WD
[Manual] Command received: WD
[Manual] Command received: WD
[Manual] Command received: WD
[Manual] Command received: D
[Manual] Command received: D
[Manual] Command received: D
[Manual] Command received: D
[Manual] Stop command received
[Manual] Command received: W
[Manual] Command received: W
[Manual] Command received: W
[Manual] Command received: W
[Manual] Command received: W
[Manual] Command received: W
[Manual] Command received: W
[Manual] Command received: W
[Manual] Command received: W
[Manual] Command received: W
[Manual] Command received: W
[Manual] Command received: W
[Manual] Command received: W
[Manual] Command received: W
[Manual] Command received: WA
[Manual] Command received: WA
[Manual] Command received: WA
[Manual] Command received: WA
[Manual] Command received: WA
[Manual] Command received: WA
[Manual] Command received: WA
[Manual] Command received: WA
[Manual] Command received: WA
[Manual] Command received: WA
[Manual] Command received: WA
[Manual] Command received: WA
[Manual] Command received: WA
[Manual] Command received: WA
[Manual] Command received: WA
[Manual] Command received: WA
[Manual] Command received: WA
[Manual] Command received: WA
[Manual] Command received: WA
[Manual] Command received: WA
[Manual] Command received: WA
[Manual] Command received: WA
[Manual] Command received: WA
[Manual] Command received: WA
[Manual] Applying manual control - Forward:1, Backward:0, Left:1, Right:0
[Manual] Received image to send: size=320x240
[NEW] mcSpeed=13 mcServo=108 buzzer=0
[TX] aa 00 0d 00 6c 00 dd 
[Manual] Command received: WA
[Icar] Manual takeover active.
[Manual] Sending image: size=5382
[Manual] Command received: WA
[Manual] Command received: WA
[Manual] Command received: WA
[Manual] Command received: WA
[Manual] Command received: WA
[Manual] Command received: WA
[Manual] Command received: WA
[Manual] Command received: WA
[Manual] Command received: WA
[Manual] Command received: WA
[Manual] Command received: WA
[Manual] Command received: WA
[Manual] Command received: WA
[Manual] Command received: A
[Manual] Command received: A
[Manual] Command received: A
[Manual] Command received: A
[Manual] Command received: A
[Manual] Command received: A
[Manual] Stop command received
[Manual] Received image to send: size=320x240
[NEW] mcSpeed=0 mcServo=90 buzzer=0
[TX] aa 00 00 00 5a 00 dd 
[Manual] Sending image: size=5301
[Icar] Manual takeover active.
[Manual] Received image to send: size=320x240
[NEW] mcSpeed=0 mcServo=90 buzzer=0
[TX] aa 00 00 00 5a 00 dd 
[Manual] Sending image: size=5176
[Icar] Manual takeover active.
[Manual] Received image to send: size=320x240
[NEW] mcSpeed=0 mcServo=90 buzzer=0
[TX] aa 00 00 00 5a 00 dd 
[Manual] Sending image: size=4738
[Icar] Manual takeover active.
[Manual] Received image to send: size=320x240
[NEW] mcSpeed=0 mcServo=90 buzzer=0
[TX] aa 00 00 00 5a 00 dd 
[Manual] Sending image: size=4680
[Icar] Manual takeover active.
[Manual] Received image to send: size=320x240
[NEW] mcSpeed=0 mcServo=90 buzzer=0
[TX] aa 00 00 00 5a 00 dd 
[Icar] Manual takeover active.
[Manual] Sending image: size=5179
[Manual] Received image to send: size=320x240
[NEW] mcSpeed=0 mcServo=90 buzzer=0
[TX] aa 00 00 00 5a 00 dd 
[Manual] Sending image: size=5754
[Icar] Manual takeover active.
[Manual] Received image to send: size=320x240
[NEW] mcSpeed=0 mcServo=90 buzzer=0
[TX] aa 00 00 00 5a 00 dd 
[Manual] Sending image: size=5709
[Icar] Manual takeover active.
[Manual] Received image to send: size=320x240
[NEW] mcSpeed=0 mcServo=90 buzzer=0
[TX] aa 00 00 00 5a 00 dd 
[Manual] Sending image: size=5762
[Icar] Manual takeover active.
[Manual] Received image to send: size=320x240
[NEW] mcSpeed=0 mcServo=90 buzzer=0
[TX] aa 00 00 00 5a 00 dd 
[Icar] Manual takeover active.
[Manual] Received image to send: size=320x240
[NEW] mcSpeed=0 mcServo=90 buzzer=0
[TX] aa 00 00 00 5a 00 dd 
[Manual] Sending image: size=5984
[Icar] Manual takeover active.
[Manual] Received image to send: size=320x240
[NEW] mcSpeed=0 mcServo=90 buzzer=0
[TX] aa 00 00 00 5a 00 dd 
[Manual] Sending image: size=5951
[Icar] Manual takeover active.
[Manual] Received image to send: size=320x240
[NEW] mcSpeed=0 mcServo=90 buzzer=0
[TX] aa 00 00 00 5a 00 dd 
[Manual] Command received: S
[Manual] Sending image: size=5939
[Manual] Command received: S
[Icar] Manual takeover active.
[Manual] Applying manual control - Forward:0, Backward:1, Left:0, Right:0
[Manual] Received image to send: size=320x240
[NEW] mcSpeed=-13 mcServo=90 buzzer=0
[TX] aa ff f3 00 5a 00 dd 
[Manual] Sending image: size=5924
[Manual] Command received: S
[Manual] Command received: S
[Manual] Command received: SA
[Manual] Command received: SA
[Icar] Manual takeover active.
[Manual] Applying manual control - Forward:0, Backward:1, Left:1, Right:0
[Manual] Received image to send: size=320x240
[NEW] mcSpeed=-13 mcServo=108 buzzer=0
[TX] aa ff f3 00 6c 00 dd 
[Manual] Command received: SA
[Manual] Sending image: size=5962
[Manual] Command received: SA
[Manual] Command received: SA
[Manual] Command received: SA
[Icar] Manual takeover active.
[Manual] Command received: SA
[Manual] Command received: SA
[Manual] Command received: SA
[Manual] Command received: SA
[Manual] Command received: SA
[Manual] Command received: SA
[Manual] Command received: SA
[Manual] Command received: SA
[Manual] Command received: SA
[Manual] Command received: SA
[Manual] Applying manual control - Forward:0, Backward:1, Left:1, Right:0
[Manual] Received image to send: size=320x240
[NEW] mcSpeed=-13 mcServo=108 buzzer=0
[TX] aa ff f3 00 6c 00 dd 
[Manual] Command received: SA
[Icar] Manual takeover active.
[Manual] Command received: SA
[Manual] Sending image: size=5972
[Manual] Command received: SA
[Manual] Command received: SA
[Manual] Command received: SA
[Manual] Command received: SA
[Manual] Command received: SA
[Manual] Command received: SA
[Manual] Command received: SA
[Manual] Command received: SA
[Manual] Command received: SA
[Manual] Command received: SA
[Manual] Command received: SA
[Manual] Command received: A
[Manual] Command received: A
[Manual] Stop command received
[Manual] Command received: W
[Manual] Command received: WA
[Manual] Command received: WA
[Manual] Command received: WA
[Manual] Command received: WA
[Manual] Applying manual control - Forward:1, Backward:0, Left:1, Right:0
[Manual] Received image to send: size=320x240
[NEW] mcSpeed=13 mcServo=108 buzzer=0
[TX] aa 00 0d 00 6c 00 dd 
[Manual] Command received: WA
[Manual] Command received: WA
[Icar] Manual takeover active.
[Manual] Applying manual control - Forward:1, Backward:0, Left:1, Right:0
[Manual] Received image to send: size=320x240
[NEW] mcSpeed=13 mcServo=108 buzzer=0
[TX] aa 00 0d 00 6c 00 dd 
[Manual] Command received: WA
[Manual] Sending image: size=5988
[Manual] Command received: WA
[Manual] Command received: WA
[Icar] Manual takeover active.
[Manual] Command received: WA
[Manual] Applying manual control - Forward:1, Backward:0, Left:1, Right:0
[Manual] Received image to send: size=320x240
[NEW] mcSpeed=13 mcServo=108 buzzer=0
[TX] aa 00 0d 00 6c 00 dd 
[Manual] Command received: WA
[Manual] Command received: WA
[Manual] Sending image: size=5975
[Icar] Manual takeover active.
[Manual] Command received: WA
[Manual] Applying manual control - Forward:1, Backward:0, Left:1, Right:0
[Manual] Received image to send: size=320x240
[NEW] mcSpeed=13 mcServo=108 buzzer=0
[TX] aa 00 0d 00 6c 00 dd 
[Manual] Command received: WA
[Manual] Command received: WA
[Manual] Sending image: size=5947
[Icar] Manual takeover active.
[Manual] Command received: WA
[Manual] Command received: WA
[Manual] Applying manual control - Forward:1, Backward:0, Left:1, Right:0
[Manual] Received image to send: size=320x240
[NEW] mcSpeed=13 mcServo=108 buzzer=0
[TX] aa 00 0d 00 6c 00 dd 
[Manual] Command received: WA
[Manual] Sending image: size=5766
[Manual] Command received: WA
[Icar] Manual takeover active.
[Manual] Command received: WA
[Manual] Command received: WA
[Manual] Command received: WA
[Manual] Command received: WA
[Manual] Applying manual control - Forward:1, Backward:0, Left:1, Right:0
[Manual] Received image to send: size=320x240
[NEW] mcSpeed=13 mcServo=108 buzzer=0
[TX] aa 00 0d 00 6c 00 dd 
[Manual] Command received: WA
[Icar] Manual takeover active.
[Manual] Command received: WA
[Manual] Applying manual control - Forward:1, Backward:0, Left:1, Right:0
[Manual] Received image to send: size=320x240
[NEW] mcSpeed=13 mcServo=108 buzzer=0
[TX] aa 00 0d 00 6c 00 dd 
[Manual] Command received: WA
[Manual] Sending image: size=6779
[Manual] Command received: WA
[Manual] Command received: WA
[Icar] Manual takeover active.
[Manual] Command received: WA
[Manual] Command received: WA
[Manual] Command received: WA
[Manual] Command received: WA
[Manual] Command received: WA
[Manual] Command received: WA
[Manual] Command received: WA
[Manual] Command received: WA
[Manual] Command received: WA
[Manual] Applying manual control - Forward:1, Backward:0, Left:1, Right:0
[Manual] Received image to send: size=320x240
[NEW] mcSpeed=13 mcServo=108 buzzer=0
[TX] aa 00 0d 00 6c 00 dd 
[Manual] Command received: WA
[Icar] Manual takeover active.
[Manual] Command received: WA
[Manual] Sending image: size=6781
[Manual] Command received: WA
[Manual] Command received: WA
[Manual] Command received: WA
[Manual] Command received: WA
[Manual] Command received: WA
[Manual] Command received: WA
[Manual] Command received: WA
[Manual] Command received: WA
[Manual] Applying manual control - Forward:1, Backward:0, Left:1, Right:0
[Manual] Received image to send: size=320x240
[NEW] mcSpeed=13 mcServo=108 buzzer=0
[TX] aa 00 0d 00 6c 00 dd 
[Manual] Command received: WA
[Icar] Manual takeover active.
[Manual] Command received: WA
[Manual] Sending image: size=6514
[Manual] Command received: WA
[Manual] Command received: WA
[Manual] Applying manual control - Forward:1, Backward:0, Left:1, Right:0
[Manual] Received image to send: size=320x240
[NEW] mcSpeed=13 mcServo=108 buzzer=0
[TX] aa 00 0d 00 6c 00 dd 
[Manual] Command received: WA
[Icar] Manual takeover active.
[Manual] Command received: WA
[Manual] Sending image: size=6299
[Manual] Command received: WA
[Manual] Applying manual control - Forward:1, Backward:0, Left:1, Right:0
[Manual] Received image to send: size=320x240
[NEW] mcSpeed=13 mcServo=108 buzzer=0
[TX] aa 00 0d 00 6c 00 dd 
[Manual] Sending image: size=5929
[Manual] Command received: WA
[Icar] Manual takeover active.
[Manual] Command received: WA
[Manual] Command received: WA
[Manual] Command received: WA
[Manual] Command received: WA
[Manual] Command received: WA
[Manual] Command received: WA
[Manual] Command received: WA
[Manual] Command received: WA
[Manual] Applying manual control - Forward:1, Backward:0, Left:1, Right:0
[Manual] Received image to send: size=320x240
[NEW] mcSpeed=13 mcServo=108 buzzer=0
[TX] aa 00 0d 00 6c 00 dd 
[Manual] Command received: WA
[Icar] Manual takeover active.
[Manual] Applying manual control - Forward:1, Backward:0, Left:1, Right:0
[Manual] Received image to send: size=320x240
[NEW] mcSpeed=13 mcServo=108 buzzer=0
[TX] aa 00 0d 00 6c 00 dd 
[Manual] Command received: WA
[Manual] Sending image: size=5688
[Manual] Command received: WA
[Manual] Command received: WA
[Icar] Manual takeover active.
[Manual] Command received: WA
[Manual] Command received: WA
[Manual] Command received: WA
[Manual] Command received: WA
[Manual] Command received: WA
[Manual] Command received: WA
[Manual] Command received: WA
[Manual] Command received: WA
[Manual] Command received: WA
[Manual] Command received: WA
[Manual] Command received: WA
[Manual] Command received: WA
[Manual] Command received: WA
[Manual] Command received: WA
[Manual] Command received: WA
[Manual] Applying manual control - Forward:1, Backward:0, Left:1, Right:0
[Manual] Received image to send: size=320x240
[NEW] mcSpeed=13 mcServo=108 buzzer=0
[TX] aa 00 0d 00 6c 00 dd 
[Manual] Sending image: size=5674
[Manual] Command received: WA
[Manual] Command received: WA
[Icar] Manual takeover active.
[Manual] Command received: WA
[Manual] Command received: WA
[Manual] Command received: WA
[Manual] Applying manual control - Forward:1, Backward:0, Left:1, Right:0
[Manual] Received image to send: size=320x240
[NEW] mcSpeed=13 mcServo=108 buzzer=0
[TX] aa 00 0d 00 6c 00 dd 
[Manual] Command received: WA
[Manual] Command received: WA
[Icar] Manual takeover active.
[Manual] Applying manual control - Forward:1, Backward:0, Left:1, Right:0
[Manual] Received image to send: size=320x240
[NEW] mcSpeed=13 mcServo=108 buzzer=0
[TX] aa 00 0d 00 6c 00 dd 
[Manual] Sending image: size=5670
[Manual] Command received: A
[Manual] Command received: A
[Manual] Command received: A
[Icar] Manual takeover active.
[Manual] Command received: A
[Manual] Command received: A
[Manual] Stop command received
[Manual] Received image to send: size=320x240
[NEW] mcSpeed=0 mcServo=90 buzzer=0
[TX] aa 00 00 00 5a 00 dd 
[Icar] Manual takeover active.
[Manual] Sending image: size=5575
[Manual] Received image to send: size=320x240
[NEW] mcSpeed=0 mcServo=90 buzzer=0
[TX] aa 00 00 00 5a 00 dd 
[Icar] Manual takeover active.
[Manual] Received image to send: size=320x240
[NEW] mcSpeed=0 mcServo=90 buzzer=0
[TX] aa 00 00 00 5a 00 dd 
[Manual] Sending image: size=5515
[Icar] Manual takeover active.
[Manual] Received image to send: size=320x240
[NEW] mcSpeed=0 mcServo=90 buzzer=0
[TX] aa 00 00 00 5a 00 dd 
[Manual] Sending image: size=5384
[Icar] Manual takeover active.
[Manual] Received image to send: size=320x240
[NEW] mcSpeed=0 mcServo=90 buzzer=0
[TX] aa 00 00 00 5a 00 dd 
[Manual] Sending image: size=5271
[Icar] Manual takeover active.
[Manual] Received image to send: size=320x240
[NEW] mcSpeed=0 mcServo=90 buzzer=0
[TX] aa 00 00 00 5a 00 dd 
[Icar] Manual takeover active.
[Manual] Sending image: size=4953
[Manual] Received image to send: size=320x240
[NEW] mcSpeed=0 mcServo=90 buzzer=0
[TX] aa 00 00 00 5a 00 dd 
[Icar] Manual takeover active.
[Manual] Sending image: size=5014
[Manual] Received image to send: size=320x240
[NEW] mcSpeed=0 mcServo=90 buzzer=0
[TX] aa 00 00 00 5a 00 dd 
[Icar] Manual takeover active.
[Manual] Sending image: size=5222
[Manual] Command received: D
[Manual] Command received: D
[Manual] Command received: SD
[Manual] Command received: SD
[Manual] Applying manual control - Forward:0, Backward:1, Left:0, Right:1
[Manual] Received image to send: size=320x240
[NEW] mcSpeed=-13 mcServo=72 buzzer=0
[TX] aa ff f3 00 48 00 dd 
[Manual] Command received: SD
[Icar] Manual takeover active.
[Manual] Command received: SD
[Manual] Applying manual control - Forward:0, Backward:1, Left:0, Right:1
[Manual] Received image to send: size=320x240
[NEW] mcSpeed=-13 mcServo=72 buzzer=0
[TX] aa ff f3 00 48 00 dd 
[Manual] Sending image: size=5409
[Manual] Command received: SD
[Manual] Command received: SD
[Manual] Command received: SD
[Icar] Manual takeover active.
[Manual] Command received: SD
[Manual] Command received: SD
[Manual] Command received: SD
[Manual] Command received: SD
[Manual] Command received: SD
[Manual] Command received: SD
[Manual] Command received: SD
[Manual] Command received: SD
[Manual] Command received: SD
[Manual] Command received: SD
[Manual] Command received: SD
[Manual] Command received: SD
[Manual] Command received: SD
[Manual] Command received: SD
[Manual] Command received: SD
[Manual] Command received: SD
[Manual] Command received: SD
[Manual] Command received: SD
[Manual] Command received: SD
[Manual] Command received: SD
[Manual] Command received: SD
[Manual] Command received: S
[Manual] Command received: S
[Manual] Stop command received
[Manual] Received image to send: size=320x240
[NEW] mcSpeed=0 mcServo=90 buzzer=0
[TX] aa 00 00 00 5a 00 dd 
[Icar] Manual takeover active.
[Manual] Received image to send: size=320x240
[NEW] mcSpeed=0 mcServo=90 buzzer=0
[TX] aa 00 00 00 5a 00 dd 
[Manual] Sending image: size=5519
[Icar] Manual takeover active.
[Manual] Command received: W
[Manual] Command received: W
[Manual] Command received: WA
[Manual] Command received: WA
[Manual] Command received: WA
[Manual] Command received: WA
[Manual] Command received: WA
[Manual] Command received: WA
[Manual] Command received: WA
[Manual] Command received: WA
[Manual] Command received: WA
[Manual] Command received: WA
[Manual] Command received: WA
[Manual] Command received: WA
[Manual] Command received: WA
[Manual] Command received: WA
[Manual] Command received: WA
[Manual] Command received: WA
[Manual] Command received: WA
[Manual] Command received: WA
[Manual] Applying manual control - Forward:1, Backward:0, Left:1, Right:0
[Manual] Received image to send: size=320x240
[NEW] mcSpeed=13 mcServo=108 buzzer=0
[TX] aa 00 0d 00 6c 00 dd 
[Manual] Command received: WA
[Icar] Manual takeover active.
[Manual] Command received: WA
[Manual] Sending image: size=5474
[Manual] Command received: WA
[Manual] Command received: WA
[Manual] Command received: WA
[Manual] Command received: WA
[Manual] Command received: WA
[Manual] Command received: WA
[Manual] Applying manual control - Forward:1, Backward:0, Left:1, Right:0
[Manual] Received image to send: size=320x240
[NEW] mcSpeed=13 mcServo=108 buzzer=0
[TX] aa 00 0d 00 6c 00 dd 
[Manual] Command received: A
[Manual] Command received: A
[Manual] Command received: A
[Manual] Stop command received
[Icar] Manual takeover active.
[Manual] Sending image: size=5472
[Manual] Received image to send: size=320x240
[NEW] mcSpeed=0 mcServo=90 buzzer=0
[TX] aa 00 00 00 5a 00 dd 
[Icar] Manual takeover active.
[Manual] Received image to send: size=320x240
[NEW] mcSpeed=0 mcServo=90 buzzer=0
[TX] aa 00 00 00 5a 00 dd 
[Manual] Sending image: size=4387
[Icar] Manual takeover active.
[Manual] Received image to send: size=320x240
[NEW] mcSpeed=0 mcServo=90 buzzer=0
[TX] aa 00 00 00 5a 00 dd 
[Manual] Sending image: size=4385
[Icar] Manual takeover active.
[Manual] Received image to send: size=320x240
[NEW] mcSpeed=0 mcServo=90 buzzer=0
[TX] aa 00 00 00 5a 00 dd 
[Icar] Manual takeover active.
[Manual] Sending image: size=4968
[Manual] Received image to send: size=320x240
[NEW] mcSpeed=0 mcServo=90 buzzer=0
[TX] aa 00 00 00 5a 00 dd 
[Manual] Sending image: size=4978
[Icar] Manual takeover active.
[Manual] Received image to send: size=320x240
[NEW] mcSpeed=0 mcServo=90 buzzer=0
[TX] aa 00 00 00 5a 00 dd 
[Manual] Sending image: size=4913
[Icar] Manual takeover active.
[Manual] Command received: W
[Manual] Command received: W
[Manual] Command received: W
[Manual] Command received: W
[Manual] Command received: WA
[Manual] Applying manual control - Forward:1, Backward:0, Left:1, Right:0
[Manual] Received image to send: size=320x240
[NEW] mcSpeed=13 mcServo=108 buzzer=0
[TX] aa 00 0d 00 6c 00 dd 
[Manual] Command received: WA
[Manual] Command received: WA
[Icar] Manual takeover active.
[Manual] Command received: WA
[Manual] Sending image: size=4831
[Manual] Command received: WA
[Manual] Applying manual control - Forward:1, Backward:0, Left:1, Right:0
[Manual] Received image to send: size=320x240
[NEW] mcSpeed=13 mcServo=108 buzzer=0
[TX] aa 00 0d 00 6c 00 dd 
[Manual] Command received: WA
[Icar] Manual takeover active.
[Manual] Command received: WA
[Manual] Applying manual control - Forward:1, Backward:0, Left:1, Right:0
[Manual] Received image to send: size=320x240
[NEW] mcSpeed=13 mcServo=108 buzzer=0
[TX] aa 00 0d 00 6c 00 dd 
[Manual] Sending image: size=4857
[Manual] Command received: WA
[Manual] Command received: WA
[Manual] Command received: WA
[Icar] Manual takeover active.
[Manual] Applying manual control - Forward:1, Backward:0, Left:1, Right:0
[Manual] Received image to send: size=320x240
[NEW] mcSpeed=13 mcServo=108 buzzer=0
[TX] aa 00 0d 00 6c 00 dd 
[Manual] Command received: WA
[Manual] Sending image: size=4873
[Manual] Command received: WA
[Icar] Manual takeover active.
[Manual] Command received: WA
[Manual] Command received: WA
[Manual] Command received: WA
[Manual] Command received: WA
[Manual] Command received: WA
[Manual] Applying manual control - Forward:1, Backward:0, Left:1, Right:0
[Manual] Received image to send: size=320x240
[NEW] mcSpeed=13 mcServo=108 buzzer=0
[TX] aa 00 0d 00 6c 00 dd 
[Manual] Command received: WA
[Icar] Manual takeover active.
[Manual] Applying manual control - Forward:1, Backward:0, Left:1, Right:0
[Manual] Received image to send: size=320x240
[NEW] mcSpeed=13 mcServo=108 buzzer=0
[TX] aa 00 0d 00 6c 00 dd 
[Manual] Command received: WA
[Manual] Sending image: size=4875
[Manual] Command received: WA
[Manual] Command received: WA
[Icar] Manual takeover active.
[Manual] Command received: WA
[Manual] Command received: WA
[Manual] Command received: WA
[Manual] Command received: WA
[Manual] Command received: WA
[Manual] Command received: WA
[Manual] Applying manual control - Forward:1, Backward:0, Left:1, Right:0
[Manual] Received image to send: size=320x240
[NEW] mcSpeed=13 mcServo=108 buzzer=0
[TX] aa 00 0d 00 6c 00 dd 
[Manual] Command received: WA
[Icar] Manual takeover active.
[Manual] Command received: WA
[Manual] Sending image: size=4900
[Manual] Command received: WA
[Manual] Command received: WA
[Manual] Command received: WA
[Manual] Command received: A
[Manual] Applying manual control - Forward:0, Backward:0, Left:1, Right:0
[Manual] Received image to send: size=320x240
[NEW] mcSpeed=0 mcServo=108 buzzer=0
[TX] aa 00 00 00 6c 00 dd 
[Manual] Command received: A
[Icar] Manual takeover active.
[Manual] Command received: A
[Manual] Sending image: size=4919
[Manual] Stop command received
[Manual] Received image to send: size=320x240
[NEW] mcSpeed=0 mcServo=90 buzzer=0
[TX] aa 00 00 00 5a 00 dd 
[Icar] Manual takeover active.
[Manual] Sending image: size=4888
[Manual] Received image to send: size=320x240
[NEW] mcSpeed=0 mcServo=90 buzzer=0
[TX] aa 00 00 00 5a 00 dd 
[Manual] Sending image: size=4670
[Icar] Manual takeover active.
[Manual] Received image to send: size=320x240
[NEW] mcSpeed=0 mcServo=90 buzzer=0
[TX] aa 00 00 00 5a 00 dd 
[Manual] Sending image: size=4599
[Icar] Manual takeover active.
[Manual] Received image to send: size=320x240
[NEW] mcSpeed=0 mcServo=90 buzzer=0
[TX] aa 00 00 00 5a 00 dd 
[Icar] Manual takeover active.
[Manual] Sending image: size=4377
[Manual] Received image to send: size=320x240
[NEW] mcSpeed=0 mcServo=90 buzzer=0
[TX] aa 00 00 00 5a 00 dd 
[Icar] Manual takeover active.
[Manual] Sending image: size=4342
[Manual] Received image to send: size=320x240
[NEW] mcSpeed=0 mcServo=90 buzzer=0
[TX] aa 00 00 00 5a 00 dd 
[Icar] Manual takeover active.
[Manual] Sending image: size=4467
[Manual] Received image to send: size=320x240
[NEW] mcSpeed=0 mcServo=90 buzzer=0
[TX] aa 00 00 00 5a 00 dd 
[Icar] Manual takeover active.
[Manual] Sending image: size=4406
[Manual] Return to auto command received
[Manual] Return to auto command received
[Busy] Station skip controlled, driving through (stopPoint=1)
[Busy] Manual takeover ended
[Manual] Error sending state data
[NEW] mcSpeed=36 mcServo=93 buzzer=0
[TX] aa 00 24 00 5d 00 dd 
[NEW] mcSpeed=36 mcServo=104 buzzer=1
[TX] aa 00 24 00 68 01 dd 
[NEW] mcSpeed=36 mcServo=110 buzzer=0
[TX] aa 00 24 00 6e 00 dd 
[NEW] mcSpeed=22 mcServo=100 buzzer=1
[TX] aa 00 16 00 64 01 dd 
[NEW] mcSpeed=22 mcServo=102 buzzer=0
[TX] aa 00 16 00 66 00 dd 
[NEW] mcSpeed=22 mcServo=102 buzzer=0
[TX] aa 00 16 00 66 00 dd 
[NEW] mcSpeed=22 mcServo=102 buzzer=0
[TX] aa 00 16 00 66 00 dd 
[NEW] mcSpeed=22 mcServo=102 buzzer=0
[TX] aa 00 16 00 66 00 dd 
[NEW] mcSpeed=22 mcServo=102 buzzer=0
[TX] aa 00 16 00 66 00 dd 
[NEW] mcSpeed=22 mcServo=102 buzzer=0
[TX] aa 00 16 00 66 00 dd 
[NEW] mcSpeed=22 mcServo=101 buzzer=0
[TX] aa 00 16 00 65 00 dd 
[NEW] mcSpeed=22 mcServo=101 buzzer=0
[TX] aa 00 16 00 65 00 dd 
[NEW] mcSpeed=22 mcServo=101 buzzer=0
[TX] aa 00 16 00 65 00 dd 
[NEW] mcSpeed=22 mcServo=100 buzzer=0
[TX] aa 00 16 00 64 00 dd 
[NEW] mcSpeed=22 mcServo=98 buzzer=0
[TX] aa 00 16 00 62 00 dd 
[NEW] mcSpeed=22 mcServo=94 buzzer=0
[TX] aa 00 16 00 5e 00 dd 
[NEW] mcSpeed=22 mcServo=95 buzzer=0
[TX] aa 00 16 00 5f 00 dd 
[NEW] mcSpeed=22 mcServo=94 buzzer=0
[TX] aa 00 16 00 5e 00 dd 
[NEW] mcSpeed=22 mcServo=94 buzzer=0
[TX] aa 00 16 00 5e 00 dd 
[NEW] mcSpeed=22 mcServo=93 buzzer=0
[TX] aa 00 16 00 5d 00 dd 
[NEW] mcSpeed=22 mcServo=93 buzzer=0
[TX] aa 00 16 00 5d 00 dd 
[NEW] mcSpeed=22 mcServo=93 buzzer=0
[TX] aa 00 16 00 5d 00 dd 
[NEW] mcSpeed=22 mcServo=92 buzzer=0
[TX] aa 00 16 00 5c 00 dd 
[NEW] mcSpeed=22 mcServo=90 buzzer=0
[TX] aa 00 16 00 5a 00 dd 
[NEW] mcSpeed=22 mcServo=90 buzzer=0
[TX] aa 00 16 00 5a 00 dd 
[NEW] mcSpeed=22 mcServo=90 buzzer=0
[TX] aa 00 16 00 5a 00 dd 
[NEW] mcSpeed=22 mcServo=90 buzzer=0
[TX] aa 00 16 00 5a 00 dd 
[NEW] mcSpeed=22 mcServo=90 buzzer=0
[TX] aa 00 16 00 5a 00 dd 
[NEW] mcSpeed=22 mcServo=89 buzzer=0
[TX] aa 00 16 00 59 00 dd 
[NEW] mcSpeed=22 mcServo=89 buzzer=0
[TX] aa 00 16 00 59 00 dd 
[NEW] mcSpeed=22 mcServo=89 buzzer=0
[TX] aa 00 16 00 59 00 dd 
[NEW] mcSpeed=22 mcServo=90 buzzer=0
[TX] aa 00 16 00 5a 00 dd 
[NEW] mcSpeed=22 mcServo=80 buzzer=0
[TX] aa 00 16 00 50 00 dd 
[NEW] mcSpeed=22 mcServo=89 buzzer=0
[TX] aa 00 16 00 59 00 dd 
[NEW] mcSpeed=22 mcServo=87 buzzer=0
[TX] aa 00 16 00 57 00 dd 
[NEW] mcSpeed=22 mcServo=86 buzzer=0
[TX] aa 00 16 00 56 00 dd 
[NEW] mcSpeed=22 mcServo=89 buzzer=0
[TX] aa 00 16 00 59 00 dd 
[NEW] mcSpeed=22 mcServo=90 buzzer=0
[TX] aa 00 16 00 5a 00 dd 
[NEW] mcSpeed=22 mcServo=88 buzzer=0
[TX] aa 00 16 00 58 00 dd 
[NEW] mcSpeed=22 mcServo=88 buzzer=0
[TX] aa 00 16 00 58 00 dd 
[NEW] mcSpeed=22 mcServo=87 buzzer=0
[TX] aa 00 16 00 57 00 dd 
[NEW] mcSpeed=22 mcServo=87 buzzer=0
[TX] aa 00 16 00 57 00 dd 
[NEW] mcSpeed=22 mcServo=87 buzzer=0
[TX] aa 00 16 00 57 00 dd 
[NEW] mcSpeed=22 mcServo=86 buzzer=0
[TX] aa 00 16 00 56 00 dd 
[NEW] mcSpeed=0 mcServo=86 buzzer=0
[TX] aa 00 00 00 56 00 dd 
[NEW] mcSpeed=0 mcServo=85 buzzer=0
[TX] aa 00 00 00 55 00 dd 
[NEW] mcSpeed=0 mcServo=84 buzzer=0
[TX] aa 00 00 00 54 00 dd 
[NEW] mcSpeed=0 mcServo=85 buzzer=0
[TX] aa 00 00 00 55 00 dd 
[NEW] mcSpeed=0 mcServo=85 buzzer=0
[TX] aa 00 00 00 55 00 dd 
[NEW] mcSpeed=0 mcServo=85 buzzer=0
[TX] aa 00 00 00 55 00 dd 
[NEW] mcSpeed=0 mcServo=84 buzzer=0
[TX] aa 00 00 00 54 00 dd 
[NEW] mcSpeed=0 mcServo=85 buzzer=0
[TX] aa 00 00 00 55 00 dd 
[NEW] mcSpeed=0 mcServo=85 buzzer=0
[TX] aa 00 00 00 55 00 dd 
[NEW] mcSpeed=0 mcServo=85 buzzer=0
[TX] aa 00 00 00 55 00 dd 
[NEW] mcSpeed=0 mcServo=85 buzzer=0
[TX] aa 00 00 00 55 00 dd 
[NEW] mcSpeed=0 mcServo=85 buzzer=0
[TX] aa 00 00 00 55 00 dd 
[NEW] mcSpeed=0 mcServo=84 buzzer=0
[TX] aa 00 00 00 54 00 dd 
[NEW] mcSpeed=0 mcServo=85 buzzer=0
[TX] aa 00 00 00 55 00 dd 
[NEW] mcSpeed=0 mcServo=85 buzzer=0
[TX] aa 00 00 00 55 00 dd 
[NEW] mcSpeed=0 mcServo=84 buzzer=0
[TX] aa 00 00 00 54 00 dd 
[NEW] mcSpeed=0 mcServo=84 buzzer=0
[TX] aa 00 00 00 54 00 dd 
[NEW] mcSpeed=0 mcServo=84 buzzer=0
[TX] aa 00 00 00 54 00 dd 
[NEW] mcSpeed=0 mcServo=85 buzzer=0
[TX] aa 00 00 00 55 00 dd 
[NEW] mcSpeed=0 mcServo=85 buzzer=0
[TX] aa 00 00 00 55 00 dd 
[NEW] mcSpeed=0 mcServo=85 buzzer=0
[TX] aa 00 00 00 55 00 dd 
[NEW] mcSpeed=0 mcServo=85 buzzer=0
[TX] aa 00 00 00 55 00 dd 
[NEW] mcSpeed=0 mcServo=85 buzzer=0
[TX] aa 00 00 00 55 00 dd 
[NEW] mcSpeed=0 mcServo=85 buzzer=0
[TX] aa 00 00 00 55 00 dd 
[NEW] mcSpeed=0 mcServo=86 buzzer=0
[TX] aa 00 00 00 56 00 dd 
[NEW] mcSpeed=0 mcServo=85 buzzer=0
[TX] aa 00 00 00 55 00 dd 
[NEW] mcSpeed=0 mcServo=85 buzzer=0
[TX] aa 00 00 00 55 00 dd 
[NEW] mcSpeed=0 mcServo=85 buzzer=0
[TX] aa 00 00 00 55 00 dd 
[NEW] mcSpeed=0 mcServo=85 buzzer=0
[TX] aa 00 00 00 55 00 dd 
[NEW] mcSpeed=0 mcServo=85 buzzer=0
[TX] aa 00 00 00 55 00 dd 
[NEW] mcSpeed=36 mcServo=85 buzzer=1
[TX] aa 00 24 00 55 01 dd 
[NEW] mcSpeed=36 mcServo=85 buzzer=0
[TX] aa 00 24 00 55 00 dd 
[NEW] mcSpeed=36 mcServo=85 buzzer=0
[TX] aa 00 24 00 55 00 dd 
[NEW] mcSpeed=36 mcServo=84 buzzer=0
[TX] aa 00 24 00 54 00 dd 
[NEW] mcSpeed=36 mcServo=85 buzzer=0
[TX] aa 00 24 00 55 00 dd 
[NEW] mcSpeed=36 mcServo=84 buzzer=0
[TX] aa 00 24 00 54 00 dd 
[NEW] mcSpeed=36 mcServo=84 buzzer=0
[TX] aa 00 24 00 54 00 dd 
[NEW] mcSpeed=36 mcServo=83 buzzer=0
[TX] aa 00 24 00 53 00 dd 
[NEW] mcSpeed=36 mcServo=84 buzzer=0
[TX] aa 00 24 00 54 00 dd 
[NEW] mcSpeed=36 mcServo=82 buzzer=0
[TX] aa 00 24 00 52 00 dd 
[NEW] mcSpeed=36 mcServo=82 buzzer=0
[TX] aa 00 24 00 52 00 dd 
[NEW] mcSpeed=36 mcServo=80 buzzer=0
[TX] aa 00 24 00 50 00 dd 
[NEW] mcSpeed=36 mcServo=82 buzzer=0
[TX] aa 00 24 00 52 00 dd 
[NEW] mcSpeed=36 mcServo=81 buzzer=0
[TX] aa 00 24 00 51 00 dd 
[NEW] mcSpeed=36 mcServo=81 buzzer=0
[TX] aa 00 24 00 51 00 dd 
[NEW] mcSpeed=36 mcServo=70 buzzer=0
[TX] aa 00 24 00 46 00 dd 
[NEW] mcSpeed=36 mcServo=87 buzzer=0
[TX] aa 00 24 00 57 00 dd 
[NEW] mcSpeed=36 mcServo=81 buzzer=0
[TX] aa 00 24 00 51 00 dd 
[NEW] mcSpeed=36 mcServo=81 buzzer=0
[TX] aa 00 24 00 51 00 dd 
[NEW] mcSpeed=36 mcServo=81 buzzer=0
[TX] aa 00 24 00 51 00 dd 
[NEW] mcSpeed=36 mcServo=81 buzzer=0
[TX] aa 00 24 00 51 00 dd 
[NEW] mcSpeed=36 mcServo=81 buzzer=0
[TX] aa 00 24 00 51 00 dd 
[NEW] mcSpeed=36 mcServo=81 buzzer=0
[TX] aa 00 24 00 51 00 dd 
[NEW] mcSpeed=36 mcServo=82 buzzer=0
[TX] aa 00 24 00 52 00 dd 
[NEW] mcSpeed=36 mcServo=81 buzzer=0
[TX] aa 00 24 00 51 00 dd 
[NEW] mcSpeed=36 mcServo=81 buzzer=0
[TX] aa 00 24 00 51 00 dd 
[NEW] mcSpeed=36 mcServo=81 buzzer=0
[TX] aa 00 24 00 51 00 dd 
[NEW] mcSpeed=36 mcServo=81 buzzer=0
[TX] aa 00 24 00 51 00 dd 
[NEW] mcSpeed=36 mcServo=82 buzzer=0
[TX] aa 00 24 00 52 00 dd 
[NEW] mcSpeed=36 mcServo=82 buzzer=0
[TX] aa 00 24 00 52 00 dd 
[NEW] mcSpeed=36 mcServo=82 buzzer=0
[TX] aa 00 24 00 52 00 dd 
[NEW] mcSpeed=36 mcServo=82 buzzer=0
[TX] aa 00 24 00 52 00 dd 
[NEW] mcSpeed=36 mcServo=83 buzzer=0
[TX] aa 00 24 00 53 00 dd 
[NEW] mcSpeed=36 mcServo=83 buzzer=0
[TX] aa 00 24 00 53 00 dd 
[NEW] mcSpeed=36 mcServo=84 buzzer=0
[TX] aa 00 24 00 54 00 dd 
[NEW] mcSpeed=36 mcServo=84 buzzer=0
[TX] aa 00 24 00 54 00 dd 
[NEW] mcSpeed=36 mcServo=85 buzzer=0
[TX] aa 00 24 00 55 00 dd 
[NEW] mcSpeed=36 mcServo=85 buzzer=0
[TX] aa 00 24 00 55 00 dd 
[NEW] mcSpeed=36 mcServo=87 buzzer=0
[TX] aa 00 24 00 57 00 dd 
[NEW] mcSpeed=36 mcServo=90 buzzer=0
[TX] aa 00 24 00 5a 00 dd 
[NEW] mcSpeed=36 mcServo=90 buzzer=0
[TX] aa 00 24 00 5a 00 dd 
[NEW] mcSpeed=36 mcServo=87 buzzer=0
[TX] aa 00 24 00 57 00 dd 
[NEW] mcSpeed=36 mcServo=97 buzzer=0
[TX] aa 00 24 00 61 00 dd 
[NEW] mcSpeed=36 mcServo=90 buzzer=0
[TX] aa 00 24 00 5a 00 dd 
[NEW] mcSpeed=36 mcServo=91 buzzer=0
[TX] aa 00 24 00 5b 00 dd 
[NEW] mcSpeed=36 mcServo=88 buzzer=0
[TX] aa 00 24 00 58 00 dd 
[NEW] mcSpeed=36 mcServo=90 buzzer=0
[TX] aa 00 24 00 5a 00 dd 
[NEW] mcSpeed=36 mcServo=90 buzzer=0
[TX] aa 00 24 00 5a 00 dd 
[NEW] mcSpeed=36 mcServo=90 buzzer=0
[TX] aa 00 24 00 5a 00 dd 
[NEW] mcSpeed=36 mcServo=90 buzzer=0
[TX] aa 00 24 00 5a 00 dd 
[NEW] mcSpeed=36 mcServo=90 buzzer=0
[TX] aa 00 24 00 5a 00 dd 
[NEW] mcSpeed=36 mcServo=90 buzzer=0
[TX] aa 00 24 00 5a 00 dd 
[NEW] mcSpeed=36 mcServo=91 buzzer=0
[TX] aa 00 24 00 5b 00 dd 
[NEW] mcSpeed=36 mcServo=91 buzzer=0
[TX] aa 00 24 00 5b 00 dd 
[NEW] mcSpeed=36 mcServo=90 buzzer=0
[TX] aa 00 24 00 5a 00 dd 
[NEW] mcSpeed=36 mcServo=92 buzzer=0
[TX] aa 00 24 00 5c 00 dd 
[NEW] mcSpeed=36 mcServo=90 buzzer=0
[TX] aa 00 24 00 5a 00 dd 
[NEW] mcSpeed=36 mcServo=92 buzzer=0
[TX] aa 00 24 00 5c 00 dd 
[NEW] mcSpeed=36 mcServo=102 buzzer=0
[TX] aa 00 24 00 66 00 dd 
[NEW] mcSpeed=36 mcServo=107 buzzer=0
[TX] aa 00 24 00 6b 00 dd 
[NEW] mcSpeed=36 mcServo=114 buzzer=0
[TX] aa 00 24 00 72 00 dd 
[NEW] mcSpeed=36 mcServo=113 buzzer=0
[TX] aa 00 24 00 71 00 dd 
[NEW] mcSpeed=36 mcServo=111 buzzer=0
[TX] aa 00 24 00 6f 00 dd 
[NEW] mcSpeed=36 mcServo=111 buzzer=0
[TX] aa 00 24 00 6f 00 dd 
[NEW] mcSpeed=36 mcServo=111 buzzer=0
[TX] aa 00 24 00 6f 00 dd 
[NEW] mcSpeed=36 mcServo=111 buzzer=0
[TX] aa 00 24 00 6f 00 dd 
[NEW] mcSpeed=36 mcServo=111 buzzer=0
[TX] aa 00 24 00 6f 00 dd 
[NEW] mcSpeed=36 mcServo=111 buzzer=0
[TX] aa 00 24 00 6f 00 dd 
[NEW] mcSpeed=36 mcServo=111 buzzer=0
[TX] aa 00 24 00 6f 00 dd 
[NEW] mcSpeed=36 mcServo=111 buzzer=0
[TX] aa 00 24 00 6f 00 dd 
[NEW] mcSpeed=36 mcServo=111 buzzer=0
[TX] aa 00 24 00 6f 00 dd 
[NEW] mcSpeed=36 mcServo=111 buzzer=0
[TX] aa 00 24 00 6f 00 dd 
[NEW] mcSpeed=36 mcServo=111 buzzer=0
[TX] aa 00 24 00 6f 00 dd 
[NEW] mcSpeed=36 mcServo=99 buzzer=1
[TX] aa 00 24 00 63 01 dd 
[NEW] mcSpeed=36 mcServo=93 buzzer=0
[TX] aa 00 24 00 5d 00 dd 
[NEW] mcSpeed=36 mcServo=109 buzzer=0
[TX] aa 00 24 00 6d 00 dd 
[NEW] mcSpeed=36 mcServo=107 buzzer=0
[TX] aa 00 24 00 6b 00 dd 
[NEW] mcSpeed=36 mcServo=103 buzzer=0
[TX] aa 00 24 00 67 00 dd 
[NEW] mcSpeed=36 mcServo=104 buzzer=0
[TX] aa 00 24 00 68 00 dd 
[NEW] mcSpeed=36 mcServo=105 buzzer=0
[TX] aa 00 24 00 69 00 dd 
[NEW] mcSpeed=36 mcServo=103 buzzer=0
[TX] aa 00 24 00 67 00 dd 
[NEW] mcSpeed=36 mcServo=104 buzzer=1
[TX] aa 00 24 00 68 01 dd 
[NEW] mcSpeed=22 mcServo=105 buzzer=0
[TX] aa 00 16 00 69 00 dd 
[NEW] mcSpeed=22 mcServo=103 buzzer=0
[TX] aa 00 16 00 67 00 dd 
[NEW] mcSpeed=22 mcServo=105 buzzer=0
[TX] aa 00 16 00 69 00 dd 
[NEW] mcSpeed=22 mcServo=104 buzzer=0
[TX] aa 00 16 00 68 00 dd 
[NEW] mcSpeed=22 mcServo=105 buzzer=0
[TX] aa 00 16 00 69 00 dd 
[NEW] mcSpeed=22 mcServo=104 buzzer=0
[TX] aa 00 16 00 68 00 dd 
[NEW] mcSpeed=22 mcServo=104 buzzer=0
[TX] aa 00 16 00 68 00 dd 
[NEW] mcSpeed=22 mcServo=103 buzzer=0
[TX] aa 00 16 00 67 00 dd 
[NEW] mcSpeed=22 mcServo=104 buzzer=0
[TX] aa 00 16 00 68 00 dd 
[NEW] mcSpeed=22 mcServo=104 buzzer=0
[TX] aa 00 16 00 68 00 dd 
[NEW] mcSpeed=22 mcServo=105 buzzer=0
[TX] aa 00 16 00 69 00 dd 
[NEW] mcSpeed=22 mcServo=105 buzzer=0
[TX] aa 00 16 00 69 00 dd 
[NEW] mcSpeed=22 mcServo=104 buzzer=0
[TX] aa 00 16 00 68 00 dd 
[NEW] mcSpeed=22 mcServo=104 buzzer=0
[TX] aa 00 16 00 68 00 dd 
[NEW] mcSpeed=22 mcServo=104 buzzer=0
[TX] aa 00 16 00 68 00 dd 
[NEW] mcSpeed=22 mcServo=104 buzzer=0
[TX] aa 00 16 00 68 00 dd 
[NEW] mcSpeed=22 mcServo=104 buzzer=0
[TX] aa 00 16 00 68 00 dd 
[NEW] mcSpeed=22 mcServo=103 buzzer=0
[TX] aa 00 16 00 67 00 dd 
[NEW] mcSpeed=22 mcServo=104 buzzer=0
[TX] aa 00 16 00 68 00 dd 
[NEW] mcSpeed=22 mcServo=105 buzzer=0
[TX] aa 00 16 00 69 00 dd 
[NEW] mcSpeed=22 mcServo=104 buzzer=0
[TX] aa 00 16 00 68 00 dd 
[NEW] mcSpeed=22 mcServo=104 buzzer=0
[TX] aa 00 16 00 68 00 dd 
[NEW] mcSpeed=22 mcServo=103 buzzer=0
[TX] aa 00 16 00 67 00 dd 
[NEW] mcSpeed=22 mcServo=105 buzzer=0
[TX] aa 00 16 00 69 00 dd 
[NEW] mcSpeed=22 mcServo=104 buzzer=0
[TX] aa 00 16 00 68 00 dd 
[NEW] mcSpeed=22 mcServo=103 buzzer=0
[TX] aa 00 16 00 67 00 dd 
[NEW] mcSpeed=22 mcServo=105 buzzer=0
[TX] aa 00 16 00 69 00 dd 
[NEW] mcSpeed=22 mcServo=107 buzzer=0
[TX] aa 00 16 00 6b 00 dd 
[NEW] mcSpeed=22 mcServo=106 buzzer=0
[TX] aa 00 16 00 6a 00 dd 
[NEW] mcSpeed=22 mcServo=106 buzzer=0
[TX] aa 00 16 00 6a 00 dd 
[NEW] mcSpeed=22 mcServo=107 buzzer=0
[TX] aa 00 16 00 6b 00 dd 
[NEW] mcSpeed=22 mcServo=107 buzzer=0
[TX] aa 00 16 00 6b 00 dd 
[NEW] mcSpeed=22 mcServo=108 buzzer=0
[TX] aa 00 16 00 6c 00 dd 
[NEW] mcSpeed=22 mcServo=107 buzzer=0
[TX] aa 00 16 00 6b 00 dd 
[NEW] mcSpeed=22 mcServo=109 buzzer=0
[TX] aa 00 16 00 6d 00 dd 
[NEW] mcSpeed=22 mcServo=108 buzzer=0
[TX] aa 00 16 00 6c 00 dd 
[NEW] mcSpeed=22 mcServo=110 buzzer=0
[TX] aa 00 16 00 6e 00 dd 
[NEW] mcSpeed=22 mcServo=110 buzzer=0
[TX] aa 00 16 00 6e 00 dd 
[NEW] mcSpeed=22 mcServo=109 buzzer=0
[TX] aa 00 16 00 6d 00 dd 
[NEW] mcSpeed=22 mcServo=110 buzzer=0
[TX] aa 00 16 00 6e 00 dd 
[NEW] mcSpeed=22 mcServo=110 buzzer=0
[TX] aa 00 16 00 6e 00 dd 
[NEW] mcSpeed=22 mcServo=111 buzzer=0
[TX] aa 00 16 00 6f 00 dd 
[NEW] mcSpeed=22 mcServo=111 buzzer=0
[TX] aa 00 16 00 6f 00 dd 
[NEW] mcSpeed=22 mcServo=112 buzzer=0
[TX] aa 00 16 00 70 00 dd 
[NEW] mcSpeed=22 mcServo=111 buzzer=0
[TX] aa 00 16 00 6f 00 dd 
[NEW] mcSpeed=22 mcServo=113 buzzer=0
[TX] aa 00 16 00 71 00 dd 
[NEW] mcSpeed=22 mcServo=113 buzzer=0
[TX] aa 00 16 00 71 00 dd 
[NEW] mcSpeed=22 mcServo=112 buzzer=0
[TX] aa 00 16 00 70 00 dd 
[NEW] mcSpeed=22 mcServo=113 buzzer=0
[TX] aa 00 16 00 71 00 dd 
[NEW] mcSpeed=22 mcServo=114 buzzer=0
[TX] aa 00 16 00 72 00 dd 
[NEW] mcSpeed=22 mcServo=114 buzzer=0
[TX] aa 00 16 00 72 00 dd 
[NEW] mcSpeed=22 mcServo=114 buzzer=0
[TX] aa 00 16 00 72 00 dd 
[NEW] mcSpeed=22 mcServo=113 buzzer=0
[TX] aa 00 16 00 71 00 dd 
[NEW] mcSpeed=22 mcServo=113 buzzer=0
[TX] aa 00 16 00 71 00 dd 
[NEW] mcSpeed=22 mcServo=114 buzzer=0
[TX] aa 00 16 00 72 00 dd 
[NEW] mcSpeed=22 mcServo=114 buzzer=0
[TX] aa 00 16 00 72 00 dd 
[NEW] mcSpeed=22 mcServo=114 buzzer=0
[TX] aa 00 16 00 72 00 dd 
[NEW] mcSpeed=22 mcServo=114 buzzer=0
[TX] aa 00 16 00 72 00 dd 
[NEW] mcSpeed=22 mcServo=114 buzzer=0
[TX] aa 00 16 00 72 00 dd 
[NEW] mcSpeed=22 mcServo=114 buzzer=0
[TX] aa 00 16 00 72 00 dd 
[NEW] mcSpeed=22 mcServo=114 buzzer=0
[TX] aa 00 16 00 72 00 dd 
[NEW] mcSpeed=22 mcServo=101 buzzer=0
[TX] aa 00 16 00 65 00 dd 
[NEW] mcSpeed=22 mcServo=104 buzzer=0
[TX] aa 00 16 00 68 00 dd 
[NEW] mcSpeed=22 mcServo=106 buzzer=0
[TX] aa 00 16 00 6a 00 dd 
[NEW] mcSpeed=22 mcServo=106 buzzer=0
[TX] aa 00 16 00 6a 00 dd 
[NEW] mcSpeed=22 mcServo=106 buzzer=0
[TX] aa 00 16 00 6a 00 dd 
[NEW] mcSpeed=22 mcServo=106 buzzer=0
[TX] aa 00 16 00 6a 00 dd 
[NEW] mcSpeed=22 mcServo=106 buzzer=0
[TX] aa 00 16 00 6a 00 dd 
[NEW] mcSpeed=22 mcServo=106 buzzer=0
[TX] aa 00 16 00 6a 00 dd 
[NEW] mcSpeed=22 mcServo=106 buzzer=0
[TX] aa 00 16 00 6a 00 dd 
[NEW] mcSpeed=22 mcServo=105 buzzer=0
[TX] aa 00 16 00 69 00 dd 
[NEW] mcSpeed=22 mcServo=105 buzzer=0
[TX] aa 00 16 00 69 00 dd 
[NEW] mcSpeed=22 mcServo=104 buzzer=0
[TX] aa 00 16 00 68 00 dd 
[NEW] mcSpeed=22 mcServo=104 buzzer=0
[TX] aa 00 16 00 68 00 dd 
[NEW] mcSpeed=22 mcServo=104 buzzer=0
[TX] aa 00 16 00 68 00 dd 
[NEW] mcSpeed=22 mcServo=103 buzzer=0
[TX] aa 00 16 00 67 00 dd 
[NEW] mcSpeed=22 mcServo=102 buzzer=0
[TX] aa 00 16 00 66 00 dd 
[NEW] mcSpeed=22 mcServo=103 buzzer=0
[TX] aa 00 16 00 67 00 dd 
[NEW] mcSpeed=22 mcServo=102 buzzer=0
[TX] aa 00 16 00 66 00 dd 
[NEW] mcSpeed=22 mcServo=102 buzzer=0
[TX] aa 00 16 00 66 00 dd 
[NEW] mcSpeed=22 mcServo=101 buzzer=0
[TX] aa 00 16 00 65 00 dd 
[NEW] mcSpeed=22 mcServo=100 buzzer=0
[TX] aa 00 16 00 64 00 dd 
[NEW] mcSpeed=22 mcServo=100 buzzer=0
[TX] aa 00 16 00 64 00 dd 
[NEW] mcSpeed=22 mcServo=100 buzzer=0
[TX] aa 00 16 00 64 00 dd 
[NEW] mcSpeed=22 mcServo=100 buzzer=0
[TX] aa 00 16 00 64 00 dd 
[NEW] mcSpeed=22 mcServo=99 buzzer=0
[TX] aa 00 16 00 63 00 dd 
[NEW] mcSpeed=22 mcServo=99 buzzer=0
[TX] aa 00 16 00 63 00 dd 
[NEW] mcSpeed=22 mcServo=101 buzzer=0
[TX] aa 00 16 00 65 00 dd 
[NEW] mcSpeed=22 mcServo=100 buzzer=0
[TX] aa 00 16 00 64 00 dd 
[NEW] mcSpeed=22 mcServo=98 buzzer=0
[TX] aa 00 16 00 62 00 dd 
[NEW] mcSpeed=22 mcServo=98 buzzer=0
[TX] aa 00 16 00 62 00 dd 
[NEW] mcSpeed=22 mcServo=95 buzzer=0
[TX] aa 00 16 00 5f 00 dd 
[NEW] mcSpeed=22 mcServo=95 buzzer=0
[TX] aa 00 16 00 5f 00 dd 
[NEW] mcSpeed=22 mcServo=95 buzzer=0
[TX] aa 00 16 00 5f 00 dd 
[NEW] mcSpeed=22 mcServo=94 buzzer=0
[TX] aa 00 16 00 5e 00 dd 
[NEW] mcSpeed=22 mcServo=93 buzzer=0
[TX] aa 00 16 00 5d 00 dd 
[NEW] mcSpeed=22 mcServo=93 buzzer=0
[TX] aa 00 16 00 5d 00 dd 
[NEW] mcSpeed=22 mcServo=93 buzzer=0
[TX] aa 00 16 00 5d 00 dd 
[NEW] mcSpeed=22 mcServo=92 buzzer=0
[TX] aa 00 16 00 5c 00 dd 
[NEW] mcSpeed=22 mcServo=92 buzzer=0
[TX] aa 00 16 00 5c 00 dd 
[NEW] mcSpeed=22 mcServo=91 buzzer=0
[TX] aa 00 16 00 5b 00 dd 
[NEW] mcSpeed=22 mcServo=91 buzzer=0
[TX] aa 00 16 00 5b 00 dd 
[NEW] mcSpeed=22 mcServo=90 buzzer=0
[TX] aa 00 16 00 5a 00 dd 
[NEW] mcSpeed=22 mcServo=90 buzzer=0
[TX] aa 00 16 00 5a 00 dd 
[NEW] mcSpeed=22 mcServo=90 buzzer=0
[TX] aa 00 16 00 5a 00 dd 
[NEW] mcSpeed=22 mcServo=90 buzzer=0
[TX] aa 00 16 00 5a 00 dd 
[NEW] mcSpeed=22 mcServo=90 buzzer=0
[TX] aa 00 16 00 5a 00 dd 
[NEW] mcSpeed=22 mcServo=90 buzzer=0
[TX] aa 00 16 00 5a 00 dd 
[NEW] mcSpeed=22 mcServo=90 buzzer=0
[TX] aa 00 16 00 5a 00 dd 
[NEW] mcSpeed=22 mcServo=90 buzzer=0
[TX] aa 00 16 00 5a 00 dd 
[NEW] mcSpeed=22 mcServo=90 buzzer=0
[TX] aa 00 16 00 5a 00 dd 
[NEW] mcSpeed=22 mcServo=90 buzzer=0
[TX] aa 00 16 00 5a 00 dd 
[NEW] mcSpeed=22 mcServo=90 buzzer=0
[TX] aa 00 16 00 5a 00 dd 
[NEW] mcSpeed=22 mcServo=90 buzzer=0
[TX] aa 00 16 00 5a 00 dd 
[NEW] mcSpeed=22 mcServo=90 buzzer=0
[TX] aa 00 16 00 5a 00 dd 
[NEW] mcSpeed=22 mcServo=90 buzzer=0
[TX] aa 00 16 00 5a 00 dd 
[NEW] mcSpeed=22 mcServo=89 buzzer=0
[TX] aa 00 16 00 59 00 dd 
[NEW] mcSpeed=22 mcServo=89 buzzer=0
[TX] aa 00 16 00 59 00 dd 
[NEW] mcSpeed=22 mcServo=89 buzzer=0
[TX] aa 00 16 00 59 00 dd 
[NEW] mcSpeed=22 mcServo=89 buzzer=0
[TX] aa 00 16 00 59 00 dd 
[NEW] mcSpeed=22 mcServo=89 buzzer=0
[TX] aa 00 16 00 59 00 dd 
[NEW] mcSpeed=22 mcServo=89 buzzer=0
[TX] aa 00 16 00 59 00 dd 
[NEW] mcSpeed=22 mcServo=89 buzzer=0
[TX] aa 00 16 00 59 00 dd 
[NEW] mcSpeed=22 mcServo=88 buzzer=0
[TX] aa 00 16 00 58 00 dd 
[NEW] mcSpeed=22 mcServo=88 buzzer=1
[TX] aa 00 16 00 58 01 dd 
[NEW] mcSpeed=36 mcServo=88 buzzer=0
[TX] aa 00 24 00 58 00 dd 
[NEW] mcSpeed=36 mcServo=88 buzzer=0
[TX] aa 00 24 00 58 00 dd 
[NEW] mcSpeed=36 mcServo=88 buzzer=0
[TX] aa 00 24 00 58 00 dd 
[NEW] mcSpeed=36 mcServo=88 buzzer=0
[TX] aa 00 24 00 58 00 dd 
[NEW] mcSpeed=36 mcServo=88 buzzer=0
[TX] aa 00 24 00 58 00 dd 
[NEW] mcSpeed=36 mcServo=88 buzzer=0
[TX] aa 00 24 00 58 00 dd 
[NEW] mcSpeed=36 mcServo=88 buzzer=0
[TX] aa 00 24 00 58 00 dd 
[NEW] mcSpeed=36 mcServo=88 buzzer=0
[TX] aa 00 24 00 58 00 dd 
[NEW] mcSpeed=36 mcServo=88 buzzer=0
[TX] aa 00 24 00 58 00 dd 
[NEW] mcSpeed=36 mcServo=88 buzzer=0
[TX] aa 00 24 00 58 00 dd 
[NEW] mcSpeed=36 mcServo=88 buzzer=0
[TX] aa 00 24 00 58 00 dd 
[NEW] mcSpeed=36 mcServo=87 buzzer=0
[TX] aa 00 24 00 57 00 dd 
[NEW] mcSpeed=36 mcServo=88 buzzer=0
[TX] aa 00 24 00 58 00 dd 
[NEW] mcSpeed=36 mcServo=87 buzzer=0
[TX] aa 00 24 00 57 00 dd 
[NEW] mcSpeed=36 mcServo=87 buzzer=0
[TX] aa 00 24 00 57 00 dd 
[NEW] mcSpeed=36 mcServo=87 buzzer=0
[TX] aa 00 24 00 57 00 dd 
[NEW] mcSpeed=36 mcServo=87 buzzer=0
[TX] aa 00 24 00 57 00 dd 
[NEW] mcSpeed=36 mcServo=87 buzzer=0
[TX] aa 00 24 00 57 00 dd 
[NEW] mcSpeed=36 mcServo=87 buzzer=0
[TX] aa 00 24 00 57 00 dd 
[NEW] mcSpeed=36 mcServo=87 buzzer=0
[TX] aa 00 24 00 57 00 dd 
[NEW] mcSpeed=36 mcServo=87 buzzer=0
[TX] aa 00 24 00 57 00 dd 
[NEW] mcSpeed=36 mcServo=87 buzzer=0
[TX] aa 00 24 00 57 00 dd 
[NEW] mcSpeed=36 mcServo=88 buzzer=0
[TX] aa 00 24 00 58 00 dd 
[NEW] mcSpeed=36 mcServo=88 buzzer=0
[TX] aa 00 24 00 58 00 dd 
[LAP] ====== 进入第 3/3 圈 ======
[NEW] mcSpeed=36 mcServo=88 buzzer=0
[TX] aa 00 24 00 58 00 dd 
[NEW] mcSpeed=36 mcServo=88 buzzer=1
[TX] aa 00 24 00 58 01 dd 
[NEW] mcSpeed=36 mcServo=88 buzzer=0
[TX] aa 00 24 00 58 00 dd 
[NEW] mcSpeed=36 mcServo=90 buzzer=0
[TX] aa 00 24 00 5a 00 dd 
[NEW] mcSpeed=36 mcServo=90 buzzer=0
[TX] aa 00 24 00 5a 00 dd 
[NEW] mcSpeed=36 mcServo=86 buzzer=0
[TX] aa 00 24 00 56 00 dd 
[NEW] mcSpeed=36 mcServo=90 buzzer=0
[TX] aa 00 24 00 5a 00 dd 
[NEW] mcSpeed=36 mcServo=89 buzzer=0
[TX] aa 00 24 00 59 00 dd 
[NEW] mcSpeed=36 mcServo=89 buzzer=0
[TX] aa 00 24 00 59 00 dd 
[NEW] mcSpeed=36 mcServo=89 buzzer=0
[TX] aa 00 24 00 59 00 dd 
[NEW] mcSpeed=36 mcServo=89 buzzer=0
[TX] aa 00 24 00 59 00 dd 
[NEW] mcSpeed=36 mcServo=89 buzzer=0
[TX] aa 00 24 00 59 00 dd 
[NEW] mcSpeed=36 mcServo=89 buzzer=0
[TX] aa 00 24 00 59 00 dd 
[NEW] mcSpeed=36 mcServo=90 buzzer=0
[TX] aa 00 24 00 5a 00 dd 
[NEW] mcSpeed=36 mcServo=90 buzzer=1
[TX] aa 00 24 00 5a 01 dd 
[NEW] mcSpeed=36 mcServo=90 buzzer=0
[TX] aa 00 24 00 5a 00 dd 
[NEW] mcSpeed=36 mcServo=90 buzzer=0
[TX] aa 00 24 00 5a 00 dd 
[NEW] mcSpeed=36 mcServo=90 buzzer=0
[TX] aa 00 24 00 5a 00 dd 
[NEW] mcSpeed=36 mcServo=90 buzzer=0
[TX] aa 00 24 00 5a 00 dd 
[NEW] mcSpeed=36 mcServo=92 buzzer=0
[TX] aa 00 24 00 5c 00 dd 
[NEW] mcSpeed=36 mcServo=89 buzzer=0
[TX] aa 00 24 00 59 00 dd 
[NEW] mcSpeed=36 mcServo=92 buzzer=0
[TX] aa 00 24 00 5c 00 dd 
[NEW] mcSpeed=36 mcServo=89 buzzer=0
[TX] aa 00 24 00 59 00 dd 
[NEW] mcSpeed=36 mcServo=90 buzzer=0
[TX] aa 00 24 00 5a 00 dd 
[NEW] mcSpeed=36 mcServo=90 buzzer=0
[TX] aa 00 24 00 5a 00 dd 
[NEW] mcSpeed=36 mcServo=90 buzzer=0
[TX] aa 00 24 00 5a 00 dd 
[NEW] mcSpeed=36 mcServo=90 buzzer=0
[TX] aa 00 24 00 5a 00 dd 
[NEW] mcSpeed=36 mcServo=90 buzzer=0
[TX] aa 00 24 00 5a 00 dd 
[NEW] mcSpeed=36 mcServo=90 buzzer=0
[TX] aa 00 24 00 5a 00 dd 
[NEW] mcSpeed=36 mcServo=90 buzzer=0
[TX] aa 00 24 00 5a 00 dd 
[STATUS] lap=3 mode=NORMAL speed=0.50 servo=1488 center=0.3
[NEW] mcSpeed=45 mcServo=90 buzzer=0
[TX] aa 00 2d 00 5a 00 dd 
[NEW] mcSpeed=45 mcServo=91 buzzer=0
[TX] aa 00 2d 00 5b 00 dd 
[NEW] mcSpeed=45 mcServo=91 buzzer=0
[TX] aa 00 2d 00 5b 00 dd 
[NEW] mcSpeed=45 mcServo=91 buzzer=0
[TX] aa 00 2d 00 5b 00 dd 
[NEW] mcSpeed=45 mcServo=92 buzzer=0
[TX] aa 00 2d 00 5c 00 dd 
[NEW] mcSpeed=45 mcServo=93 buzzer=0
[TX] aa 00 2d 00 5d 00 dd 
[NEW] mcSpeed=45 mcServo=94 buzzer=0
[TX] aa 00 2d 00 5e 00 dd 
[NEW] mcSpeed=45 mcServo=104 buzzer=0
[TX] aa 00 2d 00 68 00 dd 
[NEW] mcSpeed=45 mcServo=110 buzzer=0
[TX] aa 00 2d 00 6e 00 dd 
[NEW] mcSpeed=45 mcServo=103 buzzer=0
[TX] aa 00 2d 00 67 00 dd 
[NEW] mcSpeed=45 mcServo=104 buzzer=0
[TX] aa 00 2d 00 68 00 dd 
[NEW] mcSpeed=45 mcServo=104 buzzer=0
[TX] aa 00 2d 00 68 00 dd 
[NEW] mcSpeed=45 mcServo=105 buzzer=0
[TX] aa 00 2d 00 69 00 dd 
[NEW] mcSpeed=45 mcServo=105 buzzer=0
[TX] aa 00 2d 00 69 00 dd 
[NEW] mcSpeed=45 mcServo=103 buzzer=0
[TX] aa 00 2d 00 67 00 dd 
[NEW] mcSpeed=45 mcServo=104 buzzer=0
[TX] aa 00 2d 00 68 00 dd 
[NEW] mcSpeed=45 mcServo=104 buzzer=0
[TX] aa 00 2d 00 68 00 dd 
[NEW] mcSpeed=45 mcServo=104 buzzer=0
[TX] aa 00 2d 00 68 00 dd 
[NEW] mcSpeed=45 mcServo=105 buzzer=0
[TX] aa 00 2d 00 69 00 dd 
[NEW] mcSpeed=45 mcServo=104 buzzer=0
[TX] aa 00 2d 00 68 00 dd 
[NEW] mcSpeed=45 mcServo=104 buzzer=0
[TX] aa 00 2d 00 68 00 dd 
[NEW] mcSpeed=45 mcServo=105 buzzer=0
[TX] aa 00 2d 00 69 00 dd 
[NEW] mcSpeed=45 mcServo=105 buzzer=0
[TX] aa 00 2d 00 69 00 dd 
[NEW] mcSpeed=45 mcServo=105 buzzer=0
[TX] aa 00 2d 00 69 00 dd 
[NEW] mcSpeed=45 mcServo=106 buzzer=0
[TX] aa 00 2d 00 6a 00 dd 
[NEW] mcSpeed=45 mcServo=105 buzzer=0
[TX] aa 00 2d 00 69 00 dd 
[NEW] mcSpeed=45 mcServo=105 buzzer=0
[TX] aa 00 2d 00 69 00 dd 
[NEW] mcSpeed=45 mcServo=106 buzzer=0
[TX] aa 00 2d 00 6a 00 dd 
[NEW] mcSpeed=45 mcServo=94 buzzer=0
[TX] aa 00 2d 00 5e 00 dd 
[NEW] mcSpeed=36 mcServo=101 buzzer=1
[TX] aa 00 24 00 65 01 dd 
[STATUS] lap=3 mode=NORMAL speed=0.40 servo=1343 center=0.0
[NEW] mcSpeed=36 mcServo=99 buzzer=0
[TX] aa 00 24 00 63 00 dd 
[NEW] mcSpeed=36 mcServo=99 buzzer=0
[TX] aa 00 24 00 63 00 dd 
[NEW] mcSpeed=36 mcServo=99 buzzer=0
[TX] aa 00 24 00 63 00 dd 
[NEW] mcSpeed=36 mcServo=98 buzzer=0
[TX] aa 00 24 00 62 00 dd 
[NEW] mcSpeed=36 mcServo=98 buzzer=0
[TX] aa 00 24 00 62 00 dd 
[NEW] mcSpeed=36 mcServo=98 buzzer=0
[TX] aa 00 24 00 62 00 dd 
[NEW] mcSpeed=36 mcServo=98 buzzer=0
[TX] aa 00 24 00 62 00 dd 
[NEW] mcSpeed=36 mcServo=97 buzzer=0
[TX] aa 00 24 00 61 00 dd 
[NEW] mcSpeed=36 mcServo=97 buzzer=0
[TX] aa 00 24 00 61 00 dd 
[NEW] mcSpeed=36 mcServo=97 buzzer=1
[TX] aa 00 24 00 61 01 dd 
[NEW] mcSpeed=36 mcServo=97 buzzer=0
[TX] aa 00 24 00 61 00 dd 
[NEW] mcSpeed=36 mcServo=97 buzzer=0
[TX] aa 00 24 00 61 00 dd 
[NEW] mcSpeed=36 mcServo=96 buzzer=0
[TX] aa 00 24 00 60 00 dd 
[NEW] mcSpeed=45 mcServo=96 buzzer=0
[TX] aa 00 2d 00 60 00 dd 
[NEW] mcSpeed=45 mcServo=96 buzzer=0
[TX] aa 00 2d 00 60 00 dd 
[NEW] mcSpeed=45 mcServo=95 buzzer=0
[TX] aa 00 2d 00 5f 00 dd 
[NEW] mcSpeed=45 mcServo=95 buzzer=0
[TX] aa 00 2d 00 5f 00 dd 
[NEW] mcSpeed=45 mcServo=94 buzzer=0
[TX] aa 00 2d 00 5e 00 dd 
[NEW] mcSpeed=45 mcServo=94 buzzer=0
[TX] aa 00 2d 00 5e 00 dd 
[NEW] mcSpeed=45 mcServo=93 buzzer=1
[TX] aa 00 2d 00 5d 01 dd 
[NEW] mcSpeed=45 mcServo=93 buzzer=0
[TX] aa 00 2d 00 5d 00 dd 
[NEW] mcSpeed=45 mcServo=93 buzzer=0
[TX] aa 00 2d 00 5d 00 dd 
[NEW] mcSpeed=45 mcServo=92 buzzer=0
[TX] aa 00 2d 00 5c 00 dd 
[NEW] mcSpeed=45 mcServo=92 buzzer=0
[TX] aa 00 2d 00 5c 00 dd 
[NEW] mcSpeed=45 mcServo=91 buzzer=0
[TX] aa 00 2d 00 5b 00 dd 
[NEW] mcSpeed=45 mcServo=91 buzzer=0
[TX] aa 00 2d 00 5b 00 dd 
[NEW] mcSpeed=45 mcServo=91 buzzer=0
[TX] aa 00 2d 00 5b 00 dd 
[NEW] mcSpeed=45 mcServo=91 buzzer=0
[TX] aa 00 2d 00 5b 00 dd 
[NEW] mcSpeed=45 mcServo=91 buzzer=0
[TX] aa 00 2d 00 5b 00 dd 
[NEW] mcSpeed=45 mcServo=90 buzzer=1
[TX] aa 00 2d 00 5a 01 dd 
[Station] Manual takeover ended, reset counters
[Station] Pressed
[Station] Pressed +1.3s, stopping...
[Station] Stop 1/30
[Station] Stop 2/30
[Station] Stop 3/30
[Station] Stop 4/30
[Station] Stop 5/30
[Station] Stop 6/30
[Station] Stop 7/30
[Station] Stop 8/30
[Station] Stop 9/30
[Station] Stop 10/30
[Station] Stop 11/30
[Station] Stop 12/30
[Station] Stop 13/30
[Station] Stop 14/30
[Station] Stop 15/30
[Station] Stop 16/30
[Station] Stop 17/30
[Station] Stop 18/30
[Station] Stop 19/30
[Station] Stop 20/30
[Station] Stop 21/30
[Station] Stop 22/30
[Station] Stop 23/30
[Station] Stop 24/30
[Station] Stop 25/30
[Station] Stop 26/30
[Station] Stop 27/30
[Station] Stop 28/30
[Station] Stop 29/30
[Station] Stop 30/30
[Station] Stop 31/30
[Station] Stop end, resume
[Busy] Left sign detected, starting exit turn
[Busy] Exit turn complete, returning to normal mode
[Cross] Cross #2 detected (currentLap=2)
[Cross] Lap incremented to 3
[DEBUG] Entered PARK Step::ENABLE at countRes=0
[NEW] mcSpeed=27 mcServo=91 buzzer=1
[TX] aa 00 1b 00 5b 01 dd 
[NEW] mcSpeed=27 mcServo=92 buzzer=0
[TX] aa 00 1b 00 5c 00 dd 
[NEW] mcSpeed=27 mcServo=92 buzzer=0
[TX] aa 00 1b 00 5c 00 dd 
[NEW] mcSpeed=27 mcServo=92 buzzer=0
[TX] aa 00 1b 00 5c 00 dd 
[NEW] mcSpeed=27 mcServo=92 buzzer=0
[TX] aa 00 1b 00 5c 00 dd 
[NEW] mcSpeed=27 mcServo=92 buzzer=0
[TX] aa 00 1b 00 5c 00 dd 
[NEW] mcSpeed=27 mcServo=92 buzzer=0
[TX] aa 00 1b 00 5c 00 dd 
[NEW] mcSpeed=27 mcServo=92 buzzer=0
[TX] aa 00 1b 00 5c 00 dd 
[NEW] mcSpeed=27 mcServo=92 buzzer=0
[TX] aa 00 1b 00 5c 00 dd 
[NEW] mcSpeed=27 mcServo=91 buzzer=0
[TX] aa 00 1b 00 5b 00 dd 
[NEW] mcSpeed=27 mcServo=92 buzzer=0
[TX] aa 00 1b 00 5c 00 dd 
[NEW] mcSpeed=27 mcServo=92 buzzer=0
[TX] aa 00 1b 00 5c 00 dd 
[NEW] mcSpeed=27 mcServo=91 buzzer=0
[TX] aa 00 1b 00 5b 00 dd 
[NEW] mcSpeed=27 mcServo=91 buzzer=0
[TX] aa 00 1b 00 5b 00 dd 
[NEW] mcSpeed=27 mcServo=91 buzzer=0
[TX] aa 00 1b 00 5b 00 dd 
[NEW] mcSpeed=27 mcServo=102 buzzer=0
[TX] aa 00 1b 00 66 00 dd 
[NEW] mcSpeed=27 mcServo=108 buzzer=0
[TX] aa 00 1b 00 6c 00 dd 
[NEW] mcSpeed=27 mcServo=108 buzzer=0
[TX] aa 00 1b 00 6c 00 dd 
[NEW] mcSpeed=27 mcServo=105 buzzer=0
[TX] aa 00 1b 00 69 00 dd 
[NEW] mcSpeed=27 mcServo=105 buzzer=0
[TX] aa 00 1b 00 69 00 dd 
[NEW] mcSpeed=27 mcServo=105 buzzer=0
[TX] aa 00 1b 00 69 00 dd 
[NEW] mcSpeed=27 mcServo=105 buzzer=0
[TX] aa 00 1b 00 69 00 dd 
[NEW] mcSpeed=27 mcServo=105 buzzer=0
[TX] aa 00 1b 00 69 00 dd 
[NEW] mcSpeed=27 mcServo=105 buzzer=0
[TX] aa 00 1b 00 69 00 dd 
[NEW] mcSpeed=27 mcServo=105 buzzer=0
[TX] aa 00 1b 00 69 00 dd 
[NEW] mcSpeed=27 mcServo=105 buzzer=0
[TX] aa 00 1b 00 69 00 dd 
[NEW] mcSpeed=27 mcServo=105 buzzer=0
[TX] aa 00 1b 00 69 00 dd 
[NEW] mcSpeed=27 mcServo=105 buzzer=0
[TX] aa 00 1b 00 69 00 dd 
[NEW] mcSpeed=27 mcServo=105 buzzer=0
[TX] aa 00 1b 00 69 00 dd 
[NEW] mcSpeed=27 mcServo=105 buzzer=0
[TX] aa 00 1b 00 69 00 dd 
[NEW] mcSpeed=27 mcServo=105 buzzer=0
[TX] aa 00 1b 00 69 00 dd 
[NEW] mcSpeed=27 mcServo=105 buzzer=0
[TX] aa 00 1b 00 69 00 dd 
[NEW] mcSpeed=27 mcServo=105 buzzer=0
[TX] aa 00 1b 00 69 00 dd 
[NEW] mcSpeed=27 mcServo=105 buzzer=0
[TX] aa 00 1b 00 69 00 dd 
[NEW] mcSpeed=27 mcServo=105 buzzer=0
[TX] aa 00 1b 00 69 00 dd 
[NEW] mcSpeed=27 mcServo=105 buzzer=0
[TX] aa 00 1b 00 69 00 dd 
[NEW] mcSpeed=27 mcServo=105 buzzer=0
[TX] aa 00 1b 00 69 00 dd 
[NEW] mcSpeed=27 mcServo=105 buzzer=0
[TX] aa 00 1b 00 69 00 dd 
[NEW] mcSpeed=27 mcServo=105 buzzer=0
[TX] aa 00 1b 00 69 00 dd 
[NEW] mcSpeed=27 mcServo=105 buzzer=0
[TX] aa 00 1b 00 69 00 dd 
[Park] findParkStation: Searching in 1 results
[Park] Found fork[0]: x=0, y=107, w=76, h=33, score=0.349932
[Park] Fork[0] added to resFork
[Park] Total forks after initial filter: 1
[Park] Added first fork to filter
[Park] Final resFilter size: 1
[Park] Returning 1 spot
[Park] Returning 1 spots
[NEW] mcSpeed=27 mcServo=107 buzzer=0
[TX] aa 00 1b 00 6b 00 dd 
[Park] findParkStation: Searching in 1 results
[Park] Found fork[0]: x=0, y=107, w=76, h=33, score=0.349932
[Park] Fork[0] added to resFork
[Park] Total forks after initial filter: 1
[Park] Added first fork to filter
[Park] Final resFilter size: 1
[Park] Returning 1 spot
[Park] Returning 1 spots
[NEW] mcSpeed=27 mcServo=106 buzzer=0
[TX] aa 00 1b 00 6a 00 dd 
[Park] findParkStation: Searching in 1 results
[Park] Found fork[0]: x=11, y=112, w=79, h=33, score=0.234539
[Park] Fork[0] added to resFork
[Park] Total forks after initial filter: 1
[Park] Added first fork to filter
[Park] Final resFilter size: 1
[Park] Returning 1 spot
[Park] Returning 1 spots
[NEW] mcSpeed=27 mcServo=104 buzzer=0
[TX] aa 00 1b 00 68 00 dd 
[Park] findParkStation: Searching in 1 results
[Park] Found fork[0]: x=11, y=112, w=79, h=33, score=0.234539
[Park] Fork[0] added to resFork
[Park] Total forks after initial filter: 1
[Park] Added first fork to filter
[Park] Final resFilter size: 1
[Park] Returning 1 spot
[Park] Returning 1 spots
[NEW] mcSpeed=27 mcServo=105 buzzer=0
[TX] aa 00 1b 00 69 00 dd 
[Park] findParkStation: Searching in 0 results
[Park] Total forks after initial filter: 0
[NEW] mcSpeed=27 mcServo=108 buzzer=0
[TX] aa 00 1b 00 6c 00 dd 
[Park] findParkStation: Searching in 0 results
[Park] Total forks after initial filter: 0
[NEW] mcSpeed=27 mcServo=107 buzzer=0
[TX] aa 00 1b 00 6b 00 dd 
[Park] findParkStation: Searching in 0 results
[Park] Total forks after initial filter: 0
[NEW] mcSpeed=27 mcServo=105 buzzer=0
[TX] aa 00 1b 00 69 00 dd 
[Park] findParkStation: Searching in 0 results
[Park] Total forks after initial filter: 0
[NEW] mcSpeed=27 mcServo=107 buzzer=0
[TX] aa 00 1b 00 6b 00 dd 
[Park] findParkStation: Searching in 0 results
[Park] Total forks after initial filter: 0
[NEW] mcSpeed=27 mcServo=106 buzzer=0
[TX] aa 00 1b 00 6a 00 dd 
[Park] findParkStation: Searching in 0 results
[Park] Total forks after initial filter: 0
[NEW] mcSpeed=27 mcServo=106 buzzer=0
[TX] aa 00 1b 00 6a 00 dd 
[Park] findParkStation: Searching in 0 results
[Park] Total forks after initial filter: 0
[NEW] mcSpeed=27 mcServo=94 buzzer=0
[TX] aa 00 1b 00 5e 00 dd 
[Park] findParkStation: Searching in 0 results
[Park] Total forks after initial filter: 0
[NEW] mcSpeed=27 mcServo=97 buzzer=0
[TX] aa 00 1b 00 61 00 dd 
[Park] findParkStation: Searching in 0 results
[Park] Total forks after initial filter: 0
[NEW] mcSpeed=27 mcServo=98 buzzer=0
[TX] aa 00 1b 00 62 00 dd 
[Park] findParkStation: Searching in 2 results
[Park] Total forks after initial filter: 0
[NEW] mcSpeed=27 mcServo=110 buzzer=0
[TX] aa 00 1b 00 6e 00 dd 
[Park] findParkStation: Searching in 1 results
[Park] Total forks after initial filter: 0
[NEW] mcSpeed=27 mcServo=115 buzzer=0
[TX] aa 00 1b 00 73 00 dd 
[Park] findParkStation: Searching in 1 results
[Park] Total forks after initial filter: 0
[NEW] mcSpeed=27 mcServo=99 buzzer=0
[TX] aa 00 1b 00 63 00 dd 
[Park] findParkStation: Searching in 2 results
[Park] Found fork[1]: x=3, y=1, w=33, h=17, score=0.491007
[Park] Fork[1] filtered out (size=33x17, y=1)
[Park] Total forks after initial filter: 0
[NEW] mcSpeed=27 mcServo=108 buzzer=0
[TX] aa 00 1b 00 6c 00 dd 
[Park] findParkStation: Searching in 2 results
[Park] Found fork[1]: x=3, y=1, w=33, h=17, score=0.491007
[Park] Fork[1] filtered out (size=33x17, y=1)
[Park] Total forks after initial filter: 0
[NEW] mcSpeed=27 mcServo=106 buzzer=0
[TX] aa 00 1b 00 6a 00 dd 
[Park] findParkStation: Searching in 3 results
[Park] Found fork[1]: x=28, y=7, w=33, h=17, score=0.723027
[Park] Fork[1] filtered out (size=33x17, y=7)
[Park] Found fork[2]: x=38, y=37, w=54, h=28, score=0.332537
[Park] Fork[2] added to resFork
[Park] Total forks after initial filter: 1
[Park] Added first fork to filter
[Park] Final resFilter size: 1
[Park] Returning 1 spot
[Park] Returning 1 spots
[NEW] mcSpeed=27 mcServo=94 buzzer=0
[TX] aa 00 1b 00 5e 00 dd 
[Park] findParkStation: Searching in 2 results
[Park] Found fork[1]: x=40, y=10, w=33, h=17, score=0.373393
[Park] Fork[1] filtered out (size=33x17, y=10)
[Park] Total forks after initial filter: 0
[NEW] mcSpeed=0 mcServo=90 buzzer=0
[TX] aa 00 00 00 5a 00 dd 
[Park] findParkStation: Searching in 2 results
[Park] Found fork[1]: x=40, y=10, w=33, h=17, score=0.373393
[Park] Fork[1] filtered out (size=33x17, y=10)
[Park] Total forks after initial filter: 0
[NEW] mcSpeed=0 mcServo=93 buzzer=0
[TX] aa 00 00 00 5d 00 dd 
[Park] findParkStation: Searching in 3 results
[Park] Found fork[1]: x=51, y=11, w=33, h=17, score=0.913988
[Park] Fork[1] filtered out (size=33x17, y=11)
[Park] Found fork[2]: x=57, y=42, w=54, h=28, score=0.276004
[Park] Fork[2] added to resFork
[Park] Total forks after initial filter: 1
[Park] Added first fork to filter
[Park] Final resFilter size: 1
[Park] Returning 1 spot
[Park] Returning 1 spots
[NEW] mcSpeed=0 mcServo=104 buzzer=0
[TX] aa 00 00 00 68 00 dd 
[Park] findParkStation: Searching in 3 results
[Park] Found fork[1]: x=61, y=13, w=32, h=17, score=0.808592
[Park] Fork[1] filtered out (size=32x17, y=13)
[Park] Found fork[2]: x=67, y=44, w=54, h=28, score=0.236883
[Park] Fork[2] added to resFork
[Park] Total forks after initial filter: 1
[Park] Added first fork to filter
[Park] Final resFilter size: 1
[Park] Returning 1 spot
[Park] Returning 1 spots
[NEW] mcSpeed=0 mcServo=99 buzzer=0
[TX] aa 00 00 00 63 00 dd 
[Park] findParkStation: Searching in 1 results
[Park] Found fork[0]: x=78, y=16, w=32, h=17, score=0.366474
[Park] Fork[0] added to resFork
[Park] Total forks after initial filter: 1
[Park] Added first fork to filter
[Park] Final resFilter size: 1
[Park] Returning 1 spot
[Park] Returning 1 spots
[NEW] mcSpeed=0 mcServo=99 buzzer=0
[TX] aa 00 00 00 63 00 dd 
[Park] findParkStation: Searching in 3 results
[Park] Found fork[1]: x=86, y=16, w=32, h=17, score=0.802869
[Park] Fork[1] added to resFork
[Park] Found fork[2]: x=100, y=48, w=33, h=28, score=0.485344
[Park] Fork[2] added to resFork
[Park] Total forks after initial filter: 2
[Park] Added first fork to filter
[Park] Added fork[1] to filter (new fork)
[Park] Final resFilter size: 2
[Park] Found 2 spots!
[Park] Spot 0: y=16, center_y=24
[Park] Spot 1: y=48, center_y=62
[Park] Spots in original order
[Park] Returning 2 spots
[Park] Found 2 forks, checking spots...
[Park] Fork center check - fork0_center=24, fork1_center=62, threshold=84
[NEW] mcSpeed=0 mcServo=97 buzzer=0
[TX] aa 00 00 00 61 00 dd 
[Park] findParkStation: Searching in 2 results
[Park] Found fork[1]: x=88, y=18, w=32, h=17, score=0.71791
[Park] Fork[1] added to resFork
[Park] Total forks after initial filter: 1
[Park] Added first fork to filter
[Park] Final resFilter size: 1
[Park] Returning 1 spot
[Park] Returning 1 spots
[NEW] mcSpeed=0 mcServo=98 buzzer=0
[TX] aa 00 00 00 62 00 dd 
[Park] findParkStation: Searching in 2 results
[Park] Found fork[1]: x=88, y=18, w=32, h=17, score=0.71791
[Park] Fork[1] added to resFork
[Park] Total forks after initial filter: 1
[Park] Added first fork to filter
[Park] Final resFilter size: 1
[Park] Returning 1 spot
[Park] Returning 1 spots
[NEW] mcSpeed=0 mcServo=98 buzzer=0
[TX] aa 00 00 00 62 00 dd 
[Park] findParkStation: Searching in 2 results
[Park] Found fork[1]: x=89, y=18, w=32, h=17, score=0.87112
[Park] Fork[1] added to resFork
[Park] Total forks after initial filter: 1
[Park] Added first fork to filter
[Park] Final resFilter size: 1
[Park] Returning 1 spot
[Park] Returning 1 spots
[NEW] mcSpeed=0 mcServo=97 buzzer=0
[TX] aa 00 00 00 61 00 dd 
[Park] findParkStation: Searching in 2 results
[Park] Found fork[1]: x=90, y=18, w=32, h=17, score=0.808592
[Park] Fork[1] added to resFork
[Park] Total forks after initial filter: 1
[Park] Added first fork to filter
[Park] Final resFilter size: 1
[Park] Returning 1 spot
[Park] Returning 1 spots
[NEW] mcSpeed=0 mcServo=98 buzzer=0
[TX] aa 00 00 00 62 00 dd 
[Park] findParkStation: Searching in 3 results
[Park] Found fork[0]: x=89, y=19, w=32, h=17, score=0.913988
[Park] Fork[0] added to resFork
[Park] Found fork[1]: x=104, y=56, w=32, h=17, score=0.696388
[Park] Fork[1] added to resFork
[Park] Found fork[2]: x=103, y=48, w=37, h=33, score=0.220253
[Park] Fork[2] added to resFork
[Park] Total forks after initial filter: 3
[Park] Added first fork to filter
[Park] Added fork[1] to filter (new fork)
[Park] Fork[2] not added to filter (duplicate or invalid)
[Park] Final resFilter size: 2
[Park] Found 2 spots!
[Park] Spot 0: y=19, center_y=27
[Park] Spot 1: y=56, center_y=64
[Park] Spots in original order
[Park] Returning 2 spots
[Park] Found 2 forks, checking spots...
[Park] Fork center check - fork0_center=27, fork1_center=64, threshold=84
[NEW] mcSpeed=0 mcServo=98 buzzer=0
[TX] aa 00 00 00 62 00 dd 
[Park] findParkStation: Searching in 2 results
[Park] Found fork[0]: x=88, y=19, w=32, h=17, score=0.87112
[Park] Fork[0] added to resFork
[Park] Found fork[1]: x=104, y=55, w=32, h=17, score=0.604214
[Park] Fork[1] added to resFork
[Park] Total forks after initial filter: 2
[Park] Added first fork to filter
[Park] Added fork[1] to filter (new fork)
[Park] Final resFilter size: 2
[Park] Found 2 spots!
[Park] Spot 0: y=19, center_y=27
[Park] Spot 1: y=55, center_y=63
[Park] Spots in original order
[Park] Returning 2 spots
[Park] Found 2 forks, checking spots...
[Park] Fork center check - fork0_center=27, fork1_center=63, threshold=84
[NEW] mcSpeed=0 mcServo=98 buzzer=0
[TX] aa 00 00 00 62 00 dd 
[Park] findParkStation: Searching in 2 results
[Park] Found fork[0]: x=86, y=18, w=32, h=17, score=0.611264
[Park] Fork[0] added to resFork
[Park] Found fork[1]: x=102, y=55, w=32, h=17, score=0.592939
[Park] Fork[1] added to resFork
[Park] Total forks after initial filter: 2
[Park] Added first fork to filter
[Park] Added fork[1] to filter (new fork)
[Park] Final resFilter size: 2
[Park] Found 2 spots!
[Park] Spot 0: y=18, center_y=26
[Park] Spot 1: y=55, center_y=63
[Park] Spots in original order
[Park] Returning 2 spots
[Park] Found 2 forks, checking spots...
[Park] Fork center check - fork0_center=26, fork1_center=63, threshold=84
[NEW] mcSpeed=0 mcServo=98 buzzer=0
[TX] aa 00 00 00 62 00 dd 
[Park] findParkStation: Searching in 2 results
[Park] Found fork[0]: x=100, y=55, w=33, h=17, score=0.864955
[Park] Fork[0] added to resFork
[Park] Found fork[1]: x=86, y=18, w=32, h=17, score=0.71791
[Park] Fork[1] added to resFork
[Park] Total forks after initial filter: 2
[Park] Added first fork to filter
[Park] Added fork[1] to filter (new fork)
[Park] Final resFilter size: 2
[Park] Found 2 spots!
[Park] Spot 0: y=55, center_y=63
[Park] Spot 1: y=18, center_y=26
[Park] Spots reordered
[Park] Returning 2 spots
[Park] Found 2 forks, checking spots...
[Park] Fork center check - fork0_center=26, fork1_center=63, threshold=84
[NEW] mcSpeed=0 mcServo=98 buzzer=0
[TX] aa 00 00 00 62 00 dd 
[Park] findParkStation: Searching in 2 results
[Park] Found fork[0]: x=83, y=17, w=33, h=17, score=0.87112
[Park] Fork[0] added to resFork
[Park] Found fork[1]: x=98, y=54, w=33, h=17, score=0.87112
[Park] Fork[1] added to resFork
[Park] Total forks after initial filter: 2
[Park] Added first fork to filter
[Park] Added fork[1] to filter (new fork)
[Park] Final resFilter size: 2
[Park] Found 2 spots!
[Park] Spot 0: y=17, center_y=25
[Park] Spot 1: y=54, center_y=62
[Park] Spots in original order
[Park] Returning 2 spots
[Park] Found 2 forks, checking spots...
[Park] Fork center check - fork0_center=25, fork1_center=62, threshold=84
[NEW] mcSpeed=0 mcServo=99 buzzer=0
[TX] aa 00 00 00 63 00 dd 
[Park] findParkStation: Searching in 2 results
[Park] Found fork[0]: x=82, y=17, w=32, h=17, score=0.874902
[Park] Fork[0] added to resFork
[Park] Found fork[1]: x=97, y=48, w=33, h=28, score=0.87112
[Park] Fork[1] added to resFork
[Park] Total forks after initial filter: 2
[Park] Added first fork to filter
[Park] Added fork[1] to filter (new fork)
[Park] Final resFilter size: 2
[Park] Found 2 spots!
[Park] Spot 0: y=17, center_y=25
[Park] Spot 1: y=48, center_y=62
[Park] Spots in original order
[Park] Returning 2 spots
[Park] Found 2 forks, checking spots...
[Park] Fork center check - fork0_center=25, fork1_center=62, threshold=84
[NEW] mcSpeed=0 mcServo=98 buzzer=0
[TX] aa 00 00 00 62 00 dd 
[Park] findParkStation: Searching in 2 results
[Park] Found fork[0]: x=80, y=16, w=32, h=17, score=0.812102
[Park] Fork[0] added to resFork
[Park] Found fork[1]: x=96, y=53, w=32, h=17, score=0.723027
[Park] Fork[1] added to resFork
[Park] Total forks after initial filter: 2
[Park] Added first fork to filter
[Park] Added fork[1] to filter (new fork)
[Park] Final resFilter size: 2
[Park] Found 2 spots!
[Park] Spot 0: y=16, center_y=24
[Park] Spot 1: y=53, center_y=61
[Park] Spots in original order
[Park] Returning 2 spots
[Park] Found 2 forks, checking spots...
[Park] Fork center check - fork0_center=24, fork1_center=61, threshold=84
[NEW] mcSpeed=0 mcServo=99 buzzer=0
[TX] aa 00 00 00 63 00 dd 
[Park] findParkStation: Searching in 2 results
[Park] Found fork[0]: x=80, y=16, w=32, h=17, score=0.808592
[Park] Fork[0] added to resFork
[Park] Found fork[1]: x=96, y=48, w=32, h=28, score=0.611264
[Park] Fork[1] added to resFork
[Park] Total forks after initial filter: 2
[Park] Added first fork to filter
[Park] Added fork[1] to filter (new fork)
[Park] Final resFilter size: 2
[Park] Found 2 spots!
[Park] Spot 0: y=16, center_y=24
[Park] Spot 1: y=48, center_y=62
[Park] Spots in original order
[Park] Returning 2 spots
[Park] Found 2 forks, checking spots...
[Park] Fork center check - fork0_center=24, fork1_center=62, threshold=84
[NEW] mcSpeed=0 mcServo=99 buzzer=0
[TX] aa 00 00 00 63 00 dd 
[Park] findParkStation: Searching in 2 results
[Park] Found fork[0]: x=80, y=16, w=32, h=17, score=0.618293
[Park] Fork[0] added to resFork
[Park] Found fork[1]: x=96, y=53, w=33, h=17, score=0.485344
[Park] Fork[1] added to resFork
[Park] Total forks after initial filter: 2
[Park] Added first fork to filter
[Park] Added fork[1] to filter (new fork)
[Park] Final resFilter size: 2
[Park] Found 2 spots!
[Park] Spot 0: y=16, center_y=24
[Park] Spot 1: y=53, center_y=61
[Park] Spots in original order
[Park] Returning 2 spots
[Park] Found 2 forks, checking spots...
[Park] Fork center check - fork0_center=24, fork1_center=61, threshold=84
[NEW] mcSpeed=0 mcServo=99 buzzer=0
[TX] aa 00 00 00 63 00 dd 
[Park] findParkStation: Searching in 3 results
[Park] Found fork[0]: x=80, y=16, w=32, h=17, score=0.618293
[Park] Fork[0] added to resFork
[Park] Found fork[1]: x=96, y=47, w=33, h=28, score=0.485344
[Park] Fork[1] added to resFork
[Park] Found fork[2]: x=7, y=25, w=29, h=27, score=0.236883
[Park] Fork[2] added to resFork
[Park] Total forks after initial filter: 3
[Park] Added first fork to filter
[Park] Added fork[1] to filter (new fork)
[Park] Fork[2] not added to filter (duplicate or invalid)
[Park] Final resFilter size: 2
[Park] Found 2 spots!
[Park] Spot 0: y=16, center_y=24
[Park] Spot 1: y=47, center_y=61
[Park] Spots in original order
[Park] Returning 2 spots
[Park] Found 2 forks, checking spots...
[Park] Fork center check - fork0_center=24, fork1_center=61, threshold=84
[NEW] mcSpeed=0 mcServo=99 buzzer=0
[TX] aa 00 00 00 63 00 dd 
[Park] findParkStation: Searching in 2 results
[Park] Found fork[0]: x=80, y=16, w=32, h=17, score=0.726166
[Park] Fork[0] added to resFork
[Park] Found fork[1]: x=96, y=52, w=32, h=17, score=0.71791
[Park] Fork[1] added to resFork
[Park] Total forks after initial filter: 2
[Park] Added first fork to filter
[Park] Added fork[1] to filter (new fork)
[Park] Final resFilter size: 2
[Park] Found 2 spots!
[Park] Spot 0: y=16, center_y=24
[Park] Spot 1: y=52, center_y=60
[Park] Spots in original order
[Park] Returning 2 spots
[Park] Found 2 forks, checking spots...
[Park] Fork center check - fork0_center=24, fork1_center=60, threshold=84
[NEW] mcSpeed=0 mcServo=99 buzzer=0
[TX] aa 00 00 00 63 00 dd 
[Park] findParkStation: Searching in 2 results
[Park] Found fork[0]: x=80, y=16, w=32, h=17, score=0.726166
[Park] Fork[0] added to resFork
[Park] Found fork[1]: x=96, y=52, w=32, h=17, score=0.71791
[Park] Fork[1] added to resFork
[Park] Total forks after initial filter: 2
[Park] Added first fork to filter
[Park] Added fork[1] to filter (new fork)
[Park] Final resFilter size: 2
[Park] Found 2 spots!
[Park] Spot 0: y=16, center_y=24
[Park] Spot 1: y=52, center_y=60
[Park] Spots in original order
[Park] Returning 2 spots
[Park] Found 2 forks, checking spots...
[Park] Fork center check - fork0_center=24, fork1_center=60, threshold=84
[NEW] mcSpeed=0 mcServo=99 buzzer=0
[TX] aa 00 00 00 63 00 dd 
[Park] findParkStation: Searching in 2 results
[Park] Found fork[0]: x=80, y=16, w=32, h=17, score=0.812102
[Park] Fork[0] added to resFork
[Park] Found fork[1]: x=96, y=48, w=32, h=28, score=0.808592
[Park] Fork[1] added to resFork
[Park] Total forks after initial filter: 2
[Park] Added first fork to filter
[Park] Added fork[1] to filter (new fork)
[Park] Final resFilter size: 2
[Park] Found 2 spots!
[Park] Spot 0: y=16, center_y=24
[Park] Spot 1: y=48, center_y=62
[Park] Spots in original order
[Park] Returning 2 spots
[Park] Found 2 forks, checking spots...
[Park] Fork center check - fork0_center=24, fork1_center=62, threshold=84
[NEW] mcSpeed=0 mcServo=99 buzzer=0
[TX] aa 00 00 00 63 00 dd 
[Park] findParkStation: Searching in 2 results
[Park] Found fork[0]: x=80, y=16, w=32, h=17, score=0.814247
[Park] Fork[0] added to resFork
[Park] Found fork[1]: x=96, y=48, w=32, h=28, score=0.808592
[Park] Fork[1] added to resFork
[Park] Total forks after initial filter: 2
[Park] Added first fork to filter
[Park] Added fork[1] to filter (new fork)
[Park] Final resFilter size: 2
[Park] Found 2 spots!
[Park] Spot 0: y=16, center_y=24
[Park] Spot 1: y=48, center_y=62
[Park] Spots in original order
[Park] Returning 2 spots
[Park] Found 2 forks, checking spots...
[Park] Fork center check - fork0_center=24, fork1_center=62, threshold=84
[NEW] mcSpeed=0 mcServo=99 buzzer=0
[TX] aa 00 00 00 63 00 dd 
[Park] findParkStation: Searching in 2 results
[Park] Found fork[0]: x=96, y=48, w=32, h=28, score=0.913988
[Park] Fork[0] added to resFork
[Park] Found fork[1]: x=81, y=16, w=32, h=17, score=0.874902
[Park] Fork[1] added to resFork
[Park] Total forks after initial filter: 2
[Park] Added first fork to filter
[Park] Added fork[1] to filter (new fork)
[Park] Final resFilter size: 2
[Park] Found 2 spots!
[Park] Spot 0: y=48, center_y=62
[Park] Spot 1: y=16, center_y=24
[Park] Spots reordered
[Park] Returning 2 spots
[Park] Found 2 forks, checking spots...
[Park] Fork center check - fork0_center=24, fork1_center=62, threshold=84
[NEW] mcSpeed=0 mcServo=98 buzzer=0
[TX] aa 00 00 00 62 00 dd 
[Park] findParkStation: Searching in 2 results
[Park] Found fork[0]: x=97, y=48, w=33, h=28, score=0.87112
[Park] Fork[0] added to resFork
[Park] Found fork[1]: x=81, y=16, w=32, h=17, score=0.812102
[Park] Fork[1] added to resFork
[Park] Total forks after initial filter: 2
[Park] Added first fork to filter
[Park] Added fork[1] to filter (new fork)
[Park] Final resFilter size: 2
[Park] Found 2 spots!
[Park] Spot 0: y=48, center_y=62
[Park] Spot 1: y=16, center_y=24
[Park] Spots reordered
[Park] Returning 2 spots
[Park] Found 2 forks, checking spots...
[Park] Fork center check - fork0_center=24, fork1_center=62, threshold=84
[NEW] mcSpeed=0 mcServo=99 buzzer=0
[TX] aa 00 00 00 63 00 dd 
[Park] findParkStation: Searching in 2 results
[Park] Found fork[0]: x=96, y=54, w=32, h=17, score=0.87112
[Park] Fork[0] added to resFork
[Park] Found fork[1]: x=81, y=16, w=32, h=17, score=0.812102
[Park] Fork[1] added to resFork
[Park] Total forks after initial filter: 2
[Park] Added first fork to filter
[Park] Added fork[1] to filter (new fork)
[Park] Final resFilter size: 2
[Park] Found 2 spots!
[Park] Spot 0: y=54, center_y=62
[Park] Spot 1: y=16, center_y=24
[Park] Spots reordered
[Park] Returning 2 spots
[Park] Found 2 forks, checking spots...
[Park] Fork center check - fork0_center=24, fork1_center=62, threshold=84
[NEW] mcSpeed=0 mcServo=99 buzzer=0
[TX] aa 00 00 00 63 00 dd 
[Park] findParkStation: Searching in 2 results
[Park] Found fork[0]: x=81, y=16, w=32, h=17, score=0.812102
[Park] Fork[0] added to resFork
[Park] Found fork[1]: x=97, y=53, w=33, h=17, score=0.802869
[Park] Fork[1] added to resFork
[Park] Total forks after initial filter: 2
[Park] Added first fork to filter
[Park] Added fork[1] to filter (new fork)
[Park] Final resFilter size: 2
[Park] Found 2 spots!
[Park] Spot 0: y=16, center_y=24
[Park] Spot 1: y=53, center_y=61
[Park] Spots in original order
[Park] Returning 2 spots
[Park] Found 2 forks, checking spots...
[Park] Fork center check - fork0_center=24, fork1_center=61, threshold=84
[NEW] mcSpeed=0 mcServo=99 buzzer=0
[TX] aa 00 00 00 63 00 dd 
[Park] findParkStation: Searching in 2 results
[Park] Found fork[0]: x=96, y=48, w=32, h=28, score=0.864955
[Park] Fork[0] added to resFork
[Park] Found fork[1]: x=80, y=16, w=32, h=17, score=0.812102
[Park] Fork[1] added to resFork
[Park] Total forks after initial filter: 2
[Park] Added first fork to filter
[Park] Added fork[1] to filter (new fork)
[Park] Final resFilter size: 2
[Park] Found 2 spots!
[Park] Spot 0: y=48, center_y=62
[Park] Spot 1: y=16, center_y=24
[Park] Spots reordered
[Park] Returning 2 spots
[Park] Found 2 forks, checking spots...
[Park] Fork center check - fork0_center=24, fork1_center=62, threshold=84
[NEW] mcSpeed=0 mcServo=99 buzzer=0
[TX] aa 00 00 00 63 00 dd 
[Park] findParkStation: Searching in 2 results
[Park] Found fork[0]: x=80, y=16, w=32, h=17, score=0.874902
[Park] Fork[0] added to resFork
[Park] Found fork[1]: x=96, y=48, w=32, h=28, score=0.808592
[Park] Fork[1] added to resFork
[Park] Total forks after initial filter: 2
[Park] Added first fork to filter
[Park] Added fork[1] to filter (new fork)
[Park] Final resFilter size: 2
[Park] Found 2 spots!
[Park] Spot 0: y=16, center_y=24
[Park] Spot 1: y=48, center_y=62
[Park] Spots in original order
[Park] Returning 2 spots
[Park] Found 2 forks, checking spots...
[Park] Fork center check - fork0_center=24, fork1_center=62, threshold=84
[NEW] mcSpeed=0 mcServo=99 buzzer=0
[TX] aa 00 00 00 63 00 dd 
[Park] findParkStation: Searching in 2 results
[Park] Found fork[0]: x=97, y=53, w=33, h=17, score=0.812102
[Park] Fork[0] added to resFork
[Park] Found fork[1]: x=80, y=16, w=32, h=17, score=0.808592
[Park] Fork[1] added to resFork
[Park] Total forks after initial filter: 2
[Park] Added first fork to filter
[Park] Added fork[1] to filter (new fork)
[Park] Final resFilter size: 2
[Park] Found 2 spots!
[Park] Spot 0: y=53, center_y=61
[Park] Spot 1: y=16, center_y=24
[Park] Spots reordered
[Park] Returning 2 spots
[Park] Found 2 forks, checking spots...
[Park] Fork center check - fork0_center=24, fork1_center=61, threshold=84
[NEW] mcSpeed=0 mcServo=99 buzzer=0
[TX] aa 00 00 00 63 00 dd 
[Park] findParkStation: Searching in 2 results
[Park] Found fork[0]: x=80, y=16, w=32, h=17, score=0.812102
[Park] Fork[0] added to resFork
[Park] Found fork[1]: x=96, y=48, w=32, h=28, score=0.802869
[Park] Fork[1] added to resFork
[Park] Total forks after initial filter: 2
[Park] Added first fork to filter
[Park] Added fork[1] to filter (new fork)
[Park] Final resFilter size: 2
[Park] Found 2 spots!
[Park] Spot 0: y=16, center_y=24
[Park] Spot 1: y=48, center_y=62
[Park] Spots in original order
[Park] Returning 2 spots
[Park] Found 2 forks, checking spots...
[Park] Fork center check - fork0_center=24, fork1_center=62, threshold=84
[NEW] mcSpeed=0 mcServo=99 buzzer=0
[TX] aa 00 00 00 63 00 dd 
[Park] findParkStation: Searching in 2 results
[Park] Found fork[0]: x=80, y=16, w=32, h=17, score=0.812102
[Park] Fork[0] added to resFork
[Park] Found fork[1]: x=96, y=48, w=32, h=28, score=0.808592
[Park] Fork[1] added to resFork
[Park] Total forks after initial filter: 2
[Park] Added first fork to filter
[Park] Added fork[1] to filter (new fork)
[Park] Final resFilter size: 2
[Park] Found 2 spots!
[Park] Spot 0: y=16, center_y=24
[Park] Spot 1: y=48, center_y=62
[Park] Spots in original order
[Park] Returning 2 spots
[Park] Found 2 forks, checking spots...
[Park] Fork center check - fork0_center=24, fork1_center=62, threshold=84
[NEW] mcSpeed=0 mcServo=99 buzzer=0
[TX] aa 00 00 00 63 00 dd 
[Park] findParkStation: Searching in 2 results
[Park] Found fork[0]: x=80, y=16, w=32, h=17, score=0.812102
[Park] Fork[0] added to resFork
[Park] Found fork[1]: x=96, y=53, w=32, h=17, score=0.808592
[Park] Fork[1] added to resFork
[Park] Total forks after initial filter: 2
[Park] Added first fork to filter
[Park] Added fork[1] to filter (new fork)
[Park] Final resFilter size: 2
[Park] Found 2 spots!
[Park] Spot 0: y=16, center_y=24
[Park] Spot 1: y=53, center_y=61
[Park] Spots in original order
[Park] Returning 2 spots
[Park] Found 2 forks, checking spots...
[Park] Fork center check - fork0_center=24, fork1_center=61, threshold=84
[NEW] mcSpeed=0 mcServo=99 buzzer=0
[TX] aa 00 00 00 63 00 dd 
[Park] findParkStation: Searching in 2 results
[Park] Found fork[0]: x=80, y=16, w=32, h=17, score=0.812102
[Park] Fork[0] added to resFork
[Park] Found fork[1]: x=96, y=53, w=32, h=17, score=0.808592
[Park] Fork[1] added to resFork
[Park] Total forks after initial filter: 2
[Park] Added first fork to filter
[Park] Added fork[1] to filter (new fork)
[Park] Final resFilter size: 2
[Park] Found 2 spots!
[Park] Spot 0: y=16, center_y=24
[Park] Spot 1: y=53, center_y=61
[Park] Spots in original order
[Park] Returning 2 spots
[Park] Found 2 forks, checking spots...
[Park] Fork center check - fork0_center=24, fork1_center=61, threshold=84
[NEW] mcSpeed=0 mcServo=99 buzzer=0
[TX] aa 00 00 00 63 00 dd 
[Park] findParkStation: Searching in 2 results
[Park] Found fork[0]: x=96, y=52, w=32, h=17, score=0.87112
[Park] Fork[0] added to resFork
[Park] Found fork[1]: x=80, y=16, w=32, h=17, score=0.814247
[Park] Fork[1] added to resFork
[Park] Total forks after initial filter: 2
[Park] Added first fork to filter
[Park] Added fork[1] to filter (new fork)
[Park] Final resFilter size: 2
[Park] Found 2 spots!
[Park] Spot 0: y=52, center_y=60
[Park] Spot 1: y=16, center_y=24
[Park] Spots reordered
[Park] Returning 2 spots
[Park] Found 2 forks, checking spots...
[Park] Fork center check - fork0_center=24, fork1_center=60, threshold=84
[NEW] mcSpeed=0 mcServo=99 buzzer=0
[TX] aa 00 00 00 63 00 dd 
[Park] findParkStation: Searching in 2 results
[Park] Found fork[0]: x=80, y=16, w=32, h=17, score=0.812102
[Park] Fork[0] added to resFork
[Park] Found fork[1]: x=96, y=48, w=32, h=28, score=0.802869
[Park] Fork[1] added to resFork
[Park] Total forks after initial filter: 2
[Park] Added first fork to filter
[Park] Added fork[1] to filter (new fork)
[Park] Final resFilter size: 2
[Park] Found 2 spots!
[Park] Spot 0: y=16, center_y=24
[Park] Spot 1: y=48, center_y=62
[Park] Spots in original order
[Park] Returning 2 spots
[Park] Found 2 forks, checking spots...
[Park] Fork center check - fork0_center=24, fork1_center=62, threshold=84
[NEW] mcSpeed=0 mcServo=99 buzzer=0
[TX] aa 00 00 00 63 00 dd 
[Park] findParkStation: Searching in 2 results
[Park] Found fork[0]: x=80, y=16, w=32, h=17, score=0.812102
[Park] Fork[0] added to resFork
[Park] Found fork[1]: x=96, y=52, w=32, h=17, score=0.71791
[Park] Fork[1] added to resFork
[Park] Total forks after initial filter: 2
[Park] Added first fork to filter
[Park] Added fork[1] to filter (new fork)
[Park] Final resFilter size: 2
[Park] Found 2 spots!
[Park] Spot 0: y=16, center_y=24
[Park] Spot 1: y=52, center_y=60
[Park] Spots in original order
[Park] Returning 2 spots
[Park] Found 2 forks, checking spots...
[Park] Fork center check - fork0_center=24, fork1_center=60, threshold=84
[NEW] mcSpeed=0 mcServo=99 buzzer=0
[TX] aa 00 00 00 63 00 dd 
[Park] findParkStation: Searching in 2 results
[Park] Found fork[0]: x=80, y=16, w=32, h=17, score=0.874902
[Park] Fork[0] added to resFork
[Park] Found fork[1]: x=96, y=53, w=32, h=17, score=0.87112
[Park] Fork[1] added to resFork
[Park] Total forks after initial filter: 2
[Park] Added first fork to filter
[Park] Added fork[1] to filter (new fork)
[Park] Final resFilter size: 2
[Park] Found 2 spots!
[Park] Spot 0: y=16, center_y=24
[Park] Spot 1: y=53, center_y=61
[Park] Spots in original order
[Park] Returning 2 spots
[Park] Found 2 forks, checking spots...
[Park] Fork center check - fork0_center=24, fork1_center=61, threshold=84
[NEW] mcSpeed=0 mcServo=99 buzzer=0
[TX] aa 00 00 00 63 00 dd 
[Park] findParkStation: Searching in 2 results
[Park] Found fork[0]: x=80, y=16, w=32, h=17, score=0.874902
[Park] Fork[0] added to resFork
[Park] Found fork[1]: x=96, y=53, w=32, h=17, score=0.87112
[Park] Fork[1] added to resFork
[Park] Total forks after initial filter: 2
[Park] Added first fork to filter
[Park] Added fork[1] to filter (new fork)
[Park] Final resFilter size: 2
[Park] Found 2 spots!
[Park] Spot 0: y=16, center_y=24
[Park] Spot 1: y=53, center_y=61
[Park] Spots in original order
[Park] Returning 2 spots
[Park] Found 2 forks, checking spots...
[Park] Fork center check - fork0_center=24, fork1_center=61, threshold=84
[NEW] mcSpeed=27 mcServo=99 buzzer=0
[TX] aa 00 1b 00 63 00 dd 
[Park] findParkStation: Searching in 2 results
[Park] Found fork[0]: x=96, y=48, w=32, h=28, score=0.864955
[Park] Fork[0] added to resFork
[Park] Found fork[1]: x=80, y=16, w=32, h=17, score=0.812102
[Park] Fork[1] added to resFork
[Park] Total forks after initial filter: 2
[Park] Added first fork to filter
[Park] Added fork[1] to filter (new fork)
[Park] Final resFilter size: 2
[Park] Found 2 spots!
[Park] Spot 0: y=48, center_y=62
[Park] Spot 1: y=16, center_y=24
[Park] Spots reordered
[Park] Returning 2 spots
[Park] Found 2 forks, checking spots...
[Park] Fork center check - fork0_center=24, fork1_center=62, threshold=84
[NEW] mcSpeed=27 mcServo=99 buzzer=0
[TX] aa 00 1b 00 63 00 dd 
[Park] findParkStation: Searching in 2 results
[Park] Found fork[0]: x=80, y=16, w=32, h=17, score=0.812102
[Park] Fork[0] added to resFork
[Park] Found fork[1]: x=96, y=53, w=32, h=17, score=0.808592
[Park] Fork[1] added to resFork
[Park] Total forks after initial filter: 2
[Park] Added first fork to filter
[Park] Added fork[1] to filter (new fork)
[Park] Final resFilter size: 2
[Park] Found 2 spots!
[Park] Spot 0: y=16, center_y=24
[Park] Spot 1: y=53, center_y=61
[Park] Spots in original order
[Park] Returning 2 spots
[Park] Found 2 forks, checking spots...
[Park] Fork center check - fork0_center=24, fork1_center=61, threshold=84
[NEW] mcSpeed=27 mcServo=99 buzzer=0
[TX] aa 00 1b 00 63 00 dd 
[Park] findParkStation: Searching in 2 results
[Park] Found fork[0]: x=80, y=17, w=32, h=17, score=0.812102
[Park] Fork[0] added to resFork
[Park] Found fork[1]: x=96, y=48, w=32, h=28, score=0.802869
[Park] Fork[1] added to resFork
[Park] Total forks after initial filter: 2
[Park] Added first fork to filter
[Park] Added fork[1] to filter (new fork)
[Park] Final resFilter size: 2
[Park] Found 2 spots!
[Park] Spot 0: y=17, center_y=25
[Park] Spot 1: y=48, center_y=62
[Park] Spots in original order
[Park] Returning 2 spots
[Park] Found 2 forks, checking spots...
[Park] Fork center check - fork0_center=25, fork1_center=62, threshold=84
[NEW] mcSpeed=27 mcServo=99 buzzer=0
[TX] aa 00 1b 00 63 00 dd 
[Park] findParkStation: Searching in 2 results
[Park] Found fork[0]: x=97, y=54, w=33, h=17, score=0.87112
[Park] Fork[0] added to resFork
[Park] Found fork[1]: x=80, y=17, w=32, h=17, score=0.812102
[Park] Fork[1] added to resFork
[Park] Total forks after initial filter: 2
[Park] Added first fork to filter
[Park] Added fork[1] to filter (new fork)
[Park] Final resFilter size: 2
[Park] Found 2 spots!
[Park] Spot 0: y=54, center_y=62
[Park] Spot 1: y=17, center_y=25
[Park] Spots reordered
[Park] Returning 2 spots
[Park] Found 2 forks, checking spots...
[Park] Fork center check - fork0_center=25, fork1_center=62, threshold=84
[NEW] mcSpeed=27 mcServo=99 buzzer=0
[TX] aa 00 1b 00 63 00 dd 
[Park] findParkStation: Searching in 2 results
[Park] Found fork[0]: x=86, y=18, w=32, h=17, score=0.812102
[Park] Fork[0] added to resFork
[Park] Found fork[1]: x=101, y=50, w=33, h=28, score=0.592939
[Park] Fork[1] added to resFork
[Park] Total forks after initial filter: 2
[Park] Added first fork to filter
[Park] Added fork[1] to filter (new fork)
[Park] Final resFilter size: 2
[Park] Found 2 spots!
[Park] Spot 0: y=18, center_y=26
[Park] Spot 1: y=50, center_y=64
[Park] Spots in original order
[Park] Returning 2 spots
[Park] Found 2 forks, checking spots...
[Park] Fork center check - fork0_center=26, fork1_center=64, threshold=84
[NEW] mcSpeed=27 mcServo=97 buzzer=0
[TX] aa 00 1b 00 61 00 dd 
[Park] findParkStation: Searching in 2 results
[Park] Found fork[0]: x=96, y=20, w=33, h=17, score=0.723027
[Park] Fork[0] added to resFork
[Park] Found fork[1]: x=99, y=54, w=54, h=28, score=0.462071
[Park] Fork[1] added to resFork
[Park] Total forks after initial filter: 2
[Park] Added first fork to filter
[Park] Added fork[1] to filter (new fork)
[Park] Final resFilter size: 2
[Park] Found 2 spots!
[Park] Spot 0: y=20, center_y=28
[Park] Spot 1: y=54, center_y=68
[Park] Spots in original order
[Park] Returning 2 spots
[Park] Found 2 forks, checking spots...
[Park] Fork center check - fork0_center=28, fork1_center=68, threshold=84
[NEW] mcSpeed=27 mcServo=96 buzzer=0
[TX] aa 00 1b 00 60 00 dd 
[Park] findParkStation: Searching in 2 results
[Park] Found fork[0]: x=108, y=52, w=48, h=33, score=0.815553
[Park] Fork[0] added to resFork
[Park] Found fork[1]: x=102, y=22, w=33, h=17, score=0.618293
[Park] Fork[1] added to resFork
[Park] Total forks after initial filter: 2
[Park] Added first fork to filter
[Park] Added fork[1] to filter (new fork)
[Park] Final resFilter size: 2
[Park] Found 2 spots!
[Park] Spot 0: y=52, center_y=68
[Park] Spot 1: y=22, center_y=30
[Park] Spots reordered
[Park] Returning 2 spots
[Park] Found 2 forks, checking spots...
[Park] Fork center check - fork0_center=30, fork1_center=68, threshold=84
[NEW] mcSpeed=27 mcServo=95 buzzer=0
[TX] aa 00 1b 00 5f 00 dd 
[Park] findParkStation: Searching in 2 results
[Park] Found fork[0]: x=110, y=23, w=32, h=17, score=0.874902
[Park] Fork[0] added to resFork
[Park] Found fork[1]: x=116, y=56, w=48, h=33, score=0.671717
[Park] Fork[1] added to resFork
[Park] Total forks after initial filter: 2
[Park] Added first fork to filter
[Park] Added fork[1] to filter (new fork)
[Park] Final resFilter size: 2
[Park] Found 2 spots!
[Park] Spot 0: y=23, center_y=31
[Park] Spot 1: y=56, center_y=72
[Park] Spots in original order
[Park] Returning 2 spots
[Park] Found 2 forks, checking spots...
[Park] Fork center check - fork0_center=31, fork1_center=72, threshold=84
[NEW] mcSpeed=27 mcServo=95 buzzer=0
[TX] aa 00 1b 00 5f 00 dd 
[Park] findParkStation: Searching in 2 results
[Park] Found fork[0]: x=118, y=25, w=33, h=17, score=0.92038
[Park] Fork[0] added to resFork
[Park] Found fork[1]: x=123, y=60, w=48, h=33, score=0.84925
[Park] Fork[1] added to resFork
[Park] Total forks after initial filter: 2
[Park] Added first fork to filter
[Park] Added fork[1] to filter (new fork)
[Park] Final resFilter size: 2
[Park] Found 2 spots!
[Park] Spot 0: y=25, center_y=33
[Park] Spot 1: y=60, center_y=76
[Park] Spots in original order
[Park] Returning 2 spots
[Park] Found 2 forks, checking spots...
[Park] Fork center check - fork0_center=33, fork1_center=76, threshold=84
[NEW] mcSpeed=27 mcServo=94 buzzer=0
[TX] aa 00 1b 00 5e 00 dd 
[Park] findParkStation: Searching in 2 results
[Park] Found fork[0]: x=131, y=29, w=33, h=17, score=0.950219
[Park] Fork[0] added to resFork
[Park] Found fork[1]: x=137, y=65, w=48, h=33, score=0.49739
[Park] Fork[1] added to resFork
[Park] Total forks after initial filter: 2
[Park] Added first fork to filter
[Park] Added fork[1] to filter (new fork)
[Park] Final resFilter size: 2
[Park] Found 2 spots!
[Park] Spot 0: y=29, center_y=37
[Park] Spot 1: y=65, center_y=81
[Park] Spots in original order
[Park] Returning 2 spots
[Park] Found 2 forks, checking spots...
[Park] Fork center check - fork0_center=37, fork1_center=81, threshold=84
[NEW] mcSpeed=27 mcServo=92 buzzer=0
[TX] aa 00 1b 00 5c 00 dd 
[Park] findParkStation: Searching in 2 results
[Park] Found fork[0]: x=137, y=31, w=33, h=17, score=0.946199
[Park] Fork[0] added to resFork
[Park] Found fork[1]: x=143, y=70, w=48, h=33, score=0.8791
[Park] Fork[1] added to resFork
[Park] Total forks after initial filter: 2
[Park] Added first fork to filter
[Park] Added fork[1] to filter (new fork)
[Park] Final resFilter size: 2
[Park] Found 2 spots!
[Park] Spot 0: y=31, center_y=39
[Park] Spot 1: y=70, center_y=86
[Park] Spots in original order
[Park] Returning 2 spots
[Park] Found 2 forks, checking spots...
[Park] Fork center check - fork0_center=39, fork1_center=86, threshold=84
[Park] Fork positions: fork0_y=39, fork1_y=86
[NEW] mcSpeed=27 mcServo=93 buzzer=0
[TX] aa 00 1b 00 5d 00 dd 
[Park] findParkStation: Searching in 2 results
[Park] Found fork[0]: x=142, y=31, w=33, h=17, score=0.812102
[Park] Fork[0] added to resFork
[Park] Found fork[1]: x=148, y=73, w=48, h=33, score=0.772098
[Park] Fork[1] added to resFork
[Park] Total forks after initial filter: 2
[Park] Added first fork to filter
[Park] Added fork[1] to filter (new fork)
[Park] Final resFilter size: 2
[Park] Found 2 spots!
[Park] Spot 0: y=31, center_y=39
[Park] Spot 1: y=73, center_y=89
[Park] Spots in original order
[Park] Returning 2 spots
[Park] Found 2 forks, checking spots...
[Park] Fork center check - fork0_center=39, fork1_center=89, threshold=84
[Park] Fork positions: fork0_y=39, fork1_y=89
[Park] Spots checked = true!
[Park] spotEnable[0]=0, spotEnable[1]=1, spotEnable[2]=0, spotEnable[3]=0
[Park] forks.size()=2
[NEW] mcSpeed=27 mcServo=92 buzzer=0
[TX] aa 00 1b 00 5c 00 dd 
[NEW] mcSpeed=27 mcServo=103 buzzer=0
[TX] aa 00 1b 00 67 00 dd 
[NEW] mcSpeed=27 mcServo=109 buzzer=0
[TX] aa 00 1b 00 6d 00 dd 
[NEW] mcSpeed=27 mcServo=105 buzzer=0
[TX] aa 00 1b 00 69 00 dd 
[NEW] mcSpeed=27 mcServo=105 buzzer=0
[TX] aa 00 1b 00 69 00 dd 
[NEW] mcSpeed=27 mcServo=105 buzzer=0
[TX] aa 00 1b 00 69 00 dd 
[NEW] mcSpeed=27 mcServo=105 buzzer=0
[TX] aa 00 1b 00 69 00 dd 
[NEW] mcSpeed=27 mcServo=105 buzzer=0
[TX] aa 00 1b 00 69 00 dd 
[NEW] mcSpeed=27 mcServo=105 buzzer=0
[TX] aa 00 1b 00 69 00 dd 
[NEW] mcSpeed=27 mcServo=105 buzzer=0
[TX] aa 00 1b 00 69 00 dd 
[NEW] mcSpeed=27 mcServo=105 buzzer=0
[TX] aa 00 1b 00 69 00 dd 
[NEW] mcSpeed=27 mcServo=105 buzzer=0
[TX] aa 00 1b 00 69 00 dd 
[NEW] mcSpeed=27 mcServo=105 buzzer=0
[TX] aa 00 1b 00 69 00 dd 
[NEW] mcSpeed=27 mcServo=105 buzzer=0
[TX] aa 00 1b 00 69 00 dd 
[NEW] mcSpeed=27 mcServo=105 buzzer=0
[TX] aa 00 1b 00 69 00 dd 
[NEW] mcSpeed=27 mcServo=105 buzzer=0
[TX] aa 00 1b 00 69 00 dd 
[NEW] mcSpeed=27 mcServo=105 buzzer=0
[TX] aa 00 1b 00 69 00 dd 
[NEW] mcSpeed=27 mcServo=105 buzzer=0
[TX] aa 00 1b 00 69 00 dd 
[NEW] mcSpeed=27 mcServo=93 buzzer=0
[TX] aa 00 1b 00 5d 00 dd 
[NEW] mcSpeed=27 mcServo=89 buzzer=0
[TX] aa 00 1b 00 59 00 dd 
[NEW] mcSpeed=27 mcServo=84 buzzer=0
[TX] aa 00 1b 00 54 00 dd 
[NEW] mcSpeed=27 mcServo=90 buzzer=0
[TX] aa 00 1b 00 5a 00 dd 
[NEW] mcSpeed=27 mcServo=90 buzzer=0
[TX] aa 00 1b 00 5a 00 dd 
[NEW] mcSpeed=27 mcServo=90 buzzer=0
[TX] aa 00 1b 00 5a 00 dd 
[NEW] mcSpeed=27 mcServo=90 buzzer=0
[TX] aa 00 1b 00 5a 00 dd 
[NEW] mcSpeed=27 mcServo=90 buzzer=0
[TX] aa 00 1b 00 5a 00 dd 
[NEW] mcSpeed=27 mcServo=90 buzzer=0
[TX] aa 00 1b 00 5a 00 dd 
[NEW] mcSpeed=27 mcServo=90 buzzer=0
[TX] aa 00 1b 00 5a 00 dd 
[NEW] mcSpeed=27 mcServo=90 buzzer=0
[TX] aa 00 1b 00 5a 00 dd 
[NEW] mcSpeed=27 mcServo=90 buzzer=0
[TX] aa 00 1b 00 5a 00 dd 
[NEW] mcSpeed=27 mcServo=90 buzzer=0
[TX] aa 00 1b 00 5a 00 dd 
[NEW] mcSpeed=27 mcServo=90 buzzer=0
[TX] aa 00 1b 00 5a 00 dd 
[NEW] mcSpeed=0 mcServo=99 buzzer=0
[TX] aa 00 00 00 63 00 dd 
[NEW] mcSpeed=0 mcServo=90 buzzer=0
[TX] aa 00 00 00 5a 00 dd 
[NEW] mcSpeed=0 mcServo=92 buzzer=0
[TX] aa 00 00 00 5c 00 dd 
[NEW] mcSpeed=0 mcServo=91 buzzer=0
[TX] aa 00 00 00 5b 00 dd 
[NEW] mcSpeed=0 mcServo=91 buzzer=0
[TX] aa 00 00 00 5b 00 dd 
[NEW] mcSpeed=0 mcServo=91 buzzer=0
[TX] aa 00 00 00 5b 00 dd 
[NEW] mcSpeed=0 mcServo=91 buzzer=0
[TX] aa 00 00 00 5b 00 dd 
[NEW] mcSpeed=0 mcServo=91 buzzer=0
[TX] aa 00 00 00 5b 00 dd 
[NEW] mcSpeed=0 mcServo=91 buzzer=0
[TX] aa 00 00 00 5b 00 dd 
[NEW] mcSpeed=0 mcServo=91 buzzer=0
[TX] aa 00 00 00 5b 00 dd 
[NEW] mcSpeed=0 mcServo=91 buzzer=0
[TX] aa 00 00 00 5b 00 dd 
[NEW] mcSpeed=0 mcServo=91 buzzer=0
[TX] aa 00 00 00 5b 00 dd 
[NEW] mcSpeed=0 mcServo=92 buzzer=0
[TX] aa 00 00 00 5c 00 dd 
[NEW] mcSpeed=0 mcServo=91 buzzer=0
[TX] aa 00 00 00 5b 00 dd 
[NEW] mcSpeed=0 mcServo=92 buzzer=0
[TX] aa 00 00 00 5c 00 dd 
[NEW] mcSpeed=0 mcServo=91 buzzer=0
[TX] aa 00 00 00 5b 00 dd 
[NEW] mcSpeed=0 mcServo=91 buzzer=0
[TX] aa 00 00 00 5b 00 dd 
[NEW] mcSpeed=0 mcServo=91 buzzer=0
[TX] aa 00 00 00 5b 00 dd 
[NEW] mcSpeed=0 mcServo=91 buzzer=0
[TX] aa 00 00 00 5b 00 dd 
[NEW] mcSpeed=0 mcServo=91 buzzer=0
[TX] aa 00 00 00 5b 00 dd 
[NEW] mcSpeed=0 mcServo=91 buzzer=0
[TX] aa 00 00 00 5b 00 dd 
[NEW] mcSpeed=-27 mcServo=87 buzzer=0
[TX] aa ff e5 00 57 00 dd 
[NEW] mcSpeed=-27 mcServo=90 buzzer=0
[TX] aa ff e5 00 5a 00 dd 
[NEW] mcSpeed=-27 mcServo=90 buzzer=0
[TX] aa ff e5 00 5a 00 dd 
[NEW] mcSpeed=-27 mcServo=90 buzzer=0
[TX] aa ff e5 00 5a 00 dd 
[NEW] mcSpeed=-27 mcServo=90 buzzer=0
[TX] aa ff e5 00 5a 00 dd 
[NEW] mcSpeed=-27 mcServo=90 buzzer=0
[TX] aa ff e5 00 5a 00 dd 
[NEW] mcSpeed=-27 mcServo=90 buzzer=0
[TX] aa ff e5 00 5a 00 dd 
[NEW] mcSpeed=-27 mcServo=90 buzzer=0
[TX] aa ff e5 00 5a 00 dd 
[NEW] mcSpeed=-27 mcServo=90 buzzer=0
[TX] aa ff e5 00 5a 00 dd 
[NEW] mcSpeed=-27 mcServo=90 buzzer=0
[TX] aa ff e5 00 5a 00 dd 
[NEW] mcSpeed=-27 mcServo=90 buzzer=0
[TX] aa ff e5 00 5a 00 dd 
[NEW] mcSpeed=-27 mcServo=90 buzzer=0
[TX] aa ff e5 00 5a 00 dd 
[NEW] mcSpeed=-27 mcServo=90 buzzer=0
[TX] aa ff e5 00 5a 00 dd 
[NEW] mcSpeed=-27 mcServo=90 buzzer=0
[TX] aa ff e5 00 5a 00 dd 
[NEW] mcSpeed=-27 mcServo=99 buzzer=0
[TX] aa ff e5 00 63 00 dd 
[NEW] mcSpeed=-27 mcServo=105 buzzer=0
[TX] aa ff e5 00 69 00 dd 
[NEW] mcSpeed=-27 mcServo=111 buzzer=0
[TX] aa ff e5 00 6f 00 dd 
[NEW] mcSpeed=-27 mcServo=104 buzzer=0
[TX] aa ff e5 00 68 00 dd 
[NEW] mcSpeed=-27 mcServo=105 buzzer=0
[TX] aa ff e5 00 69 00 dd 
[NEW] mcSpeed=-27 mcServo=105 buzzer=0
[TX] aa ff e5 00 69 00 dd 
[NEW] mcSpeed=-27 mcServo=105 buzzer=0
[TX] aa ff e5 00 69 00 dd 
[NEW] mcSpeed=-27 mcServo=105 buzzer=0
[TX] aa ff e5 00 69 00 dd 
[NEW] mcSpeed=-27 mcServo=105 buzzer=0
[TX] aa ff e5 00 69 00 dd 
[NEW] mcSpeed=-27 mcServo=105 buzzer=0
[TX] aa ff e5 00 69 00 dd 
[NEW] mcSpeed=-27 mcServo=105 buzzer=0
[TX] aa ff e5 00 69 00 dd 
[NEW] mcSpeed=-27 mcServo=105 buzzer=0
[TX] aa ff e5 00 69 00 dd 
[NEW] mcSpeed=-27 mcServo=105 buzzer=0
[TX] aa ff e5 00 69 00 dd 
[NEW] mcSpeed=-27 mcServo=105 buzzer=0
[TX] aa ff e5 00 69 00 dd 
[NEW] mcSpeed=-27 mcServo=105 buzzer=0
[TX] aa ff e5 00 69 00 dd 
[NEW] mcSpeed=-27 mcServo=105 buzzer=0
[TX] aa ff e5 00 69 00 dd 
[NEW] mcSpeed=-27 mcServo=105 buzzer=0
[TX] aa ff e5 00 69 00 dd 
[NEW] mcSpeed=27 mcServo=93 buzzer=0
[TX] aa 00 1b 00 5d 00 dd 
[Park] findParkStation: Searching in 2 results
[Park] Found fork[0]: x=252, y=53, w=48, h=33, score=0.92121
[Park] Fork[0] added to resFork
[Park] Found fork[1]: x=256, y=137, w=59, h=54, score=0.70963
[Park] Fork[1] added to resFork
[Park] Total forks after initial filter: 2
[Park] Added first fork to filter
[Park] Added fork[1] to filter (new fork)
[Park] Final resFilter size: 2
[Park] Found 2 spots!
[Park] Spot 0: y=53, center_y=69
[Park] Spot 1: y=137, center_y=164
[Park] Spots in original order
[Park] Returning 2 spots
[NEW] mcSpeed=27 mcServo=89 buzzer=0
[TX] aa 00 1b 00 59 00 dd 
[Park] findParkStation: Searching in 2 results
[Park] Found fork[0]: x=240, y=51, w=48, h=33, score=0.978898
[Park] Fork[0] added to resFork
[Park] Found fork[1]: x=249, y=132, w=59, h=54, score=0.842592
[Park] Fork[1] added to resFork
[Park] Total forks after initial filter: 2
[Park] Added first fork to filter
[Park] Added fork[1] to filter (new fork)
[Park] Final resFilter size: 2
[Park] Found 2 spots!
[Park] Spot 0: y=51, center_y=67
[Park] Spot 1: y=132, center_y=159
[Park] Spots in original order
[Park] Returning 2 spots
[NEW] mcSpeed=27 mcServo=84 buzzer=0
[TX] aa 00 1b 00 54 00 dd 
[Park] findParkStation: Searching in 2 results
[Park] Found fork[0]: x=221, y=46, w=48, h=33, score=0.964191
[Park] Fork[0] added to resFork
[Park] Found fork[1]: x=224, y=124, w=59, h=42, score=0.608157
[Park] Fork[1] added to resFork
[Park] Total forks after initial filter: 2
[Park] Added first fork to filter
[Park] Added fork[1] to filter (new fork)
[Park] Final resFilter size: 2
[Park] Found 2 spots!
[Park] Spot 0: y=46, center_y=62
[Park] Spot 1: y=124, center_y=145
[Park] Spots in original order
[Park] Returning 2 spots
[NEW] mcSpeed=27 mcServo=79 buzzer=0
[TX] aa 00 1b 00 4f 00 dd 
[Park] findParkStation: Searching in 2 results
[Park] Found fork[0]: x=221, y=46, w=48, h=33, score=0.964191
[Park] Fork[0] added to resFork
[Park] Found fork[1]: x=224, y=124, w=59, h=42, score=0.608157
[Park] Fork[1] added to resFork
[Park] Total forks after initial filter: 2
[Park] Added first fork to filter
[Park] Added fork[1] to filter (new fork)
[Park] Final resFilter size: 2
[Park] Found 2 spots!
[Park] Spot 0: y=46, center_y=62
[Park] Spot 1: y=124, center_y=145
[Park] Spots in original order
[Park] Returning 2 spots
[NEW] mcSpeed=27 mcServo=80 buzzer=0
[TX] aa 00 1b 00 50 00 dd 
[Park] findParkStation: Searching in 2 results
[Park] Found fork[0]: x=211, y=110, w=62, h=55, score=0.770633
[Park] Fork[0] added to resFork
[Park] Found fork[1]: x=217, y=48, w=33, h=28, score=0.61562
[Park] Fork[1] added to resFork
[Park] Total forks after initial filter: 2
[Park] Added first fork to filter
[Park] Added fork[1] to filter (new fork)
[Park] Final resFilter size: 2
[Park] Found 2 spots!
[Park] Spot 0: y=110, center_y=137
[Park] Spot 1: y=48, center_y=62
[Park] Spots reordered
[Park] Returning 2 spots
[NEW] mcSpeed=27 mcServo=85 buzzer=0
[TX] aa 00 1b 00 55 00 dd 
[Park] findParkStation: Searching in 2 results
[Park] Found fork[0]: x=209, y=47, w=32, h=28, score=0.874902
[Park] Fork[0] added to resFork
[Park] Found fork[1]: x=211, y=106, w=48, h=55, score=0.61921
[Park] Fork[1] added to resFork
[Park] Total forks after initial filter: 2
[Park] Added first fork to filter
[Park] Added fork[1] to filter (new fork)
[Park] Final resFilter size: 2
[Park] Found 2 spots!
[Park] Spot 0: y=47, center_y=61
[Park] Spot 1: y=106, center_y=133
[Park] Spots in original order
[Park] Returning 2 spots
[NEW] mcSpeed=27 mcServo=85 buzzer=0
[TX] aa 00 1b 00 55 00 dd 
[Park] findParkStation: Searching in 2 results
[Park] Found fork[0]: x=206, y=50, w=32, h=17, score=0.604214
[Park] Fork[0] added to resFork
[Park] Found fork[1]: x=207, y=105, w=48, h=55, score=0.491007
[Park] Fork[1] added to resFork
[Park] Total forks after initial filter: 2
[Park] Added first fork to filter
[Park] Added fork[1] to filter (new fork)
[Park] Final resFilter size: 2
[Park] Found 2 spots!
[Park] Spot 0: y=50, center_y=58
[Park] Spot 1: y=105, center_y=132
[Park] Spots in original order
[Park] Returning 2 spots
[NEW] mcSpeed=27 mcServo=85 buzzer=0
[TX] aa 00 1b 00 55 00 dd 
[Park] findParkStation: Searching in 2 results
[Park] Found fork[0]: x=205, y=50, w=32, h=17, score=0.802869
[Park] Fork[0] added to resFork
[Park] Found fork[1]: x=207, y=105, w=48, h=55, score=0.61562
[Park] Fork[1] added to resFork
[Park] Total forks after initial filter: 2
[Park] Added first fork to filter
[Park] Added fork[1] to filter (new fork)
[Park] Final resFilter size: 2
[Park] Found 2 spots!
[Park] Spot 0: y=50, center_y=58
[Park] Spot 1: y=105, center_y=132
[Park] Spots in original order
[Park] Returning 2 spots
[NEW] mcSpeed=27 mcServo=85 buzzer=0
[TX] aa 00 1b 00 55 00 dd 
[Park] findParkStation: Searching in 2 results
[Park] Found fork[0]: x=208, y=107, w=48, h=55, score=0.727242
[Park] Fork[0] added to resFork
[Park] Found fork[1]: x=208, y=52, w=33, h=17, score=0.491007
[Park] Fork[1] added to resFork
[Park] Total forks after initial filter: 2
[Park] Added first fork to filter
[Park] Added fork[1] to filter (new fork)
[Park] Final resFilter size: 2
[Park] Found 2 spots!
[Park] Spot 0: y=107, center_y=134
[Park] Spot 1: y=52, center_y=60
[Park] Spots reordered
[Park] Returning 2 spots
[NEW] mcSpeed=27 mcServo=84 buzzer=0
[TX] aa 00 1b 00 54 00 dd 
[Park] findParkStation: Searching in 2 results
[Park] Found fork[0]: x=208, y=107, w=48, h=55, score=0.727242
[Park] Fork[0] added to resFork
[Park] Found fork[1]: x=208, y=52, w=33, h=17, score=0.491007
[Park] Fork[1] added to resFork
[Park] Total forks after initial filter: 2
[Park] Added first fork to filter
[Park] Added fork[1] to filter (new fork)
[Park] Final resFilter size: 2
[Park] Found 2 spots!
[Park] Spot 0: y=107, center_y=134
[Park] Spot 1: y=52, center_y=60
[Park] Spots reordered
[Park] Returning 2 spots
[NEW] mcSpeed=27 mcServo=84 buzzer=0
[TX] aa 00 1b 00 54 00 dd 
[Park] findParkStation: Searching in 2 results
[Park] Found fork[0]: x=205, y=49, w=32, h=28, score=0.87112
[Park] Fork[0] added to resFork
[Park] Found fork[1]: x=208, y=115, w=45, h=54, score=0.433013
[Park] Fork[1] added to resFork
[Park] Total forks after initial filter: 2
[Park] Added first fork to filter
[Park] Added fork[1] to filter (new fork)
[Park] Final resFilter size: 2
[Park] Found 2 spots!
[Park] Spot 0: y=49, center_y=63
[Park] Spot 1: y=115, center_y=142
[Park] Spots in original order
[Park] Returning 2 spots
[NEW] mcSpeed=27 mcServo=85 buzzer=0
[TX] aa 00 1b 00 55 00 dd 
[Park] findParkStation: Searching in 2 results
[Park] Found fork[0]: x=205, y=49, w=32, h=28, score=0.87112
[Park] Fork[0] added to resFork
[Park] Found fork[1]: x=208, y=115, w=45, h=54, score=0.433013
[Park] Fork[1] added to resFork
[Park] Total forks after initial filter: 2
[Park] Added first fork to filter
[Park] Added fork[1] to filter (new fork)
[Park] Final resFilter size: 2
[Park] Found 2 spots!
[Park] Spot 0: y=49, center_y=63
[Park] Spot 1: y=115, center_y=142
[Park] Spots in original order
[Park] Returning 2 spots
[NEW] mcSpeed=27 mcServo=85 buzzer=0
[TX] aa 00 1b 00 55 00 dd 
[Park] findParkStation: Searching in 2 results
[Park] Found fork[0]: x=208, y=120, w=45, h=54, score=0.87112
[Park] Fork[0] added to resFork
[Park] Found fork[1]: x=204, y=55, w=33, h=17, score=0.87112
[Park] Fork[1] added to resFork
[Park] Total forks after initial filter: 2
[Park] Added first fork to filter
[Park] Added fork[1] to filter (new fork)
[Park] Final resFilter size: 2
[Park] Found 2 spots!
[Park] Spot 0: y=120, center_y=147
[Park] Spot 1: y=55, center_y=63
[Park] Spots reordered
[Park] Returning 2 spots
[NEW] mcSpeed=27 mcServo=85 buzzer=0
[TX] aa 00 1b 00 55 00 dd 
[Park] findParkStation: Searching in 2 results
[Park] Found fork[0]: x=208, y=125, w=45, h=54, score=0.919318
[Park] Fork[0] added to resFork
[Park] Found fork[1]: x=202, y=53, w=33, h=28, score=0.723027
[Park] Fork[1] added to resFork
[Park] Total forks after initial filter: 2
[Park] Added first fork to filter
[Park] Added fork[1] to filter (new fork)
[Park] Final resFilter size: 2
[Park] Found 2 spots!
[Park] Spot 0: y=125, center_y=152
[Park] Spot 1: y=53, center_y=67
[Park] Spots reordered
[Park] Returning 2 spots
[NEW] mcSpeed=27 mcServo=85 buzzer=0
[TX] aa 00 1b 00 55 00 dd 
[Park] findParkStation: Searching in 2 results
[Park] Found fork[0]: x=209, y=132, w=45, h=54, score=0.944403
[Park] Fork[0] added to resFork
[Park] Found fork[1]: x=201, y=55, w=32, h=28, score=0.808592
[Park] Fork[1] added to resFork
[Park] Total forks after initial filter: 2
[Park] Added first fork to filter
[Park] Added fork[1] to filter (new fork)
[Park] Final resFilter size: 2
[Park] Found 2 spots!
[Park] Spot 0: y=132, center_y=159
[Park] Spot 1: y=55, center_y=69
[Park] Spots reordered
[Park] Returning 2 spots
[NEW] mcSpeed=27 mcServo=85 buzzer=0
[TX] aa 00 1b 00 55 00 dd 
[Park] findParkStation: Searching in 1 results
[Park] Found fork[0]: x=210, y=142, w=45, h=54, score=0.84792
[Park] Fork[0] added to resFork
[Park] Total forks after initial filter: 1
[Park] Added first fork to filter
[Park] Final resFilter size: 1
[Park] Returning 1 spot
[Park] Returning 1 spots
[NEW] mcSpeed=27 mcServo=82 buzzer=0
[TX] aa 00 1b 00 52 00 dd 
[Park] findParkStation: Searching in 2 results
[Park] Found fork[0]: x=210, y=140, w=45, h=69, score=0.842592
[Park] Fork[0] added to resFork
[Park] Found fork[1]: x=198, y=57, w=37, h=33, score=0.376607
[Park] Fork[1] added to resFork
[Park] Total forks after initial filter: 2
[Park] Added first fork to filter
[Park] Added fork[1] to filter (new fork)
[Park] Final resFilter size: 2
[Park] Found 2 spots!
[Park] Spot 0: y=140, center_y=174
[Park] Spot 1: y=57, center_y=73
[Park] Spots reordered
[Park] Returning 2 spots
[NEW] mcSpeed=27 mcServo=87 buzzer=0
[TX] aa 00 1b 00 57 00 dd 
[Park] findParkStation: Searching in 2 results
[Park] Found fork[0]: x=195, y=63, w=37, h=33, score=0.815553
[Park] Fork[0] added to resFork
[Park] Found fork[1]: x=206, y=158, w=59, h=69, score=0.718335
[Park] Fork[1] added to resFork
[Park] Total forks after initial filter: 2
[Park] Added first fork to filter
[Park] Added fork[1] to filter (new fork)
[Park] Final resFilter size: 2
[Park] Found 2 spots!
[Park] Spot 0: y=63, center_y=79
[Park] Spot 1: y=158, center_y=192
[Park] Spots in original order
[Park] Returning 2 spots
[NEW] mcSpeed=27 mcServo=86 buzzer=0
[TX] aa 00 1b 00 56 00 dd 
[Park] findParkStation: Searching in 2 results
[Park] Found fork[0]: x=206, y=161, w=59, h=69, score=0.7788
[Park] Fork[0] added to resFork
[Park] Found fork[1]: x=193, y=71, w=38, h=27, score=0.374302
[Park] Fork[1] added to resFork
[Park] Total forks after initial filter: 2
[Park] Added first fork to filter
[Park] Added fork[1] to filter (new fork)
[Park] Final resFilter size: 2
[Park] Found 2 spots!
[Park] Spot 0: y=161, center_y=195
[Park] Spot 1: y=71, center_y=84
[Park] Spots reordered
[Park] Returning 2 spots
[NEW] mcSpeed=27 mcServo=85 buzzer=0
[TX] aa 00 1b 00 55 00 dd 
[Park] findParkStation: Searching in 2 results
[Park] Found fork[0]: x=186, y=70, w=48, h=33, score=0.848485
[Park] Fork[0] added to resFork
[Park] Found fork[1]: x=196, y=163, w=75, h=69, score=0.462071
[Park] Fork[1] added to resFork
[Park] Total forks after initial filter: 2
[Park] Added first fork to filter
[Park] Added fork[1] to filter (new fork)
[Park] Final resFilter size: 2
[Park] Found 2 spots!
[Park] Spot 0: y=70, center_y=86
[Park] Spot 1: y=163, center_y=197
[Park] Spots in original order
[Park] Returning 2 spots
[NEW] mcSpeed=27 mcServo=86 buzzer=0
[TX] aa 00 1b 00 56 00 dd 
[Park] findParkStation: Searching in 2 results
[Park] Found fork[0]: x=184, y=69, w=48, h=43, score=0.619926
[Park] Fork[0] added to resFork
[Park] Found fork[1]: x=204, y=173, w=70, h=65, score=0.267141
[Park] Fork[1] added to resFork
[Park] Total forks after initial filter: 2
[Park] Added first fork to filter
[Park] Added fork[1] to filter (new fork)
[Park] Final resFilter size: 2
[Park] Found 2 spots!
[Park] Spot 0: y=69, center_y=90
[Park] Spot 1: y=173, center_y=205
[Park] Spots in original order
[Park] Returning 2 spots
[NEW] mcSpeed=27 mcServo=86 buzzer=0
[TX] aa 00 1b 00 56 00 dd 
[Park] findParkStation: Searching in 1 results
[Park] Total forks after initial filter: 0
[NEW] mcSpeed=27 mcServo=95 buzzer=0
[TX] aa 00 1b 00 5f 00 dd 
[Park] findParkStation: Searching in 1 results
[Park] Found fork[0]: x=185, y=77, w=48, h=43, score=0.675633
[Park] Fork[0] added to resFork
[Park] Total forks after initial filter: 1
[Park] Added first fork to filter
[Park] Final resFilter size: 1
[Park] Returning 1 spot
[Park] Returning 1 spots
[NEW] mcSpeed=27 mcServo=80 buzzer=0
[TX] aa 00 1b 00 50 00 dd 
[Park] findParkStation: Searching in 1 results
[Park] Found fork[0]: x=182, y=80, w=48, h=43, score=0.673353
[Park] Fork[0] added to resFork
[Park] Total forks after initial filter: 1
[Park] Added first fork to filter
[Park] Final resFilter size: 1
[Park] Returning 1 spot
[Park] Returning 1 spots
[NEW] mcSpeed=27 mcServo=86 buzzer=0
[TX] aa 00 1b 00 56 00 dd 
[Park] findParkStation: Searching in 1 results
[Park] Found fork[0]: x=182, y=88, w=48, h=33, score=0.549259
[Park] Fork[0] added to resFork
[Park] Total forks after initial filter: 1
[Park] Added first fork to filter
[Park] Final resFilter size: 1
[Park] Returning 1 spot
[Park] Returning 1 spots
[NEW] mcSpeed=27 mcServo=86 buzzer=0
[TX] aa 00 1b 00 56 00 dd 
[Park] findParkStation: Searching in 1 results
[Park] Found fork[0]: x=187, y=92, w=38, h=35, score=0.638369
[Park] Fork[0] added to resFork
[Park] Total forks after initial filter: 1
[Park] Added first fork to filter
[Park] Final resFilter size: 1
[Park] Returning 1 spot
[Park] Returning 1 spots
[NEW] mcSpeed=27 mcServo=86 buzzer=0
[TX] aa 00 1b 00 56 00 dd 
[Park] findParkStation: Searching in 1 results
[Park] Found fork[0]: x=182, y=90, w=48, h=43, score=0.552065
[Park] Fork[0] added to resFork
[Park] Total forks after initial filter: 1
[Park] Added first fork to filter
[Park] Final resFilter size: 1
[Park] Returning 1 spot
[Park] Returning 1 spots
[NEW] mcSpeed=27 mcServo=86 buzzer=0
[TX] aa 00 1b 00 56 00 dd 
[Park] findParkStation: Searching in 1 results
[Park] Found fork[0]: x=187, y=93, w=38, h=45, score=0.604214
[Park] Fork[0] added to resFork
[Park] Total forks after initial filter: 1
[Park] Added first fork to filter
[Park] Final resFilter size: 1
[Park] Returning 1 spot
[Park] Returning 1 spots
[NEW] mcSpeed=27 mcServo=86 buzzer=0
[TX] aa 00 1b 00 56 00 dd 
[Park] findParkStation: Searching in 1 results
[Park] Found fork[0]: x=185, y=94, w=48, h=55, score=0.266635
[Park] Fork[0] added to resFork
[Park] Total forks after initial filter: 1
[Park] Added first fork to filter
[Park] Final resFilter size: 1
[Park] Returning 1 spot
[Park] Returning 1 spots
[NEW] mcSpeed=27 mcServo=85 buzzer=0
[TX] aa 00 1b 00 55 00 dd 
[Park] findParkStation: Searching in 2 results
[Park] Found fork[1]: x=182, y=100, w=49, h=45, score=0.469957
[Park] Fork[1] added to resFork
[Park] Total forks after initial filter: 1
[Park] Added first fork to filter
[Park] Final resFilter size: 1
[Park] Returning 1 spot
[Park] Returning 1 spots
[NEW] mcSpeed=27 mcServo=86 buzzer=0
[TX] aa 00 1b 00 56 00 dd 
[Park] findParkStation: Searching in 2 results
[Park] Found fork[1]: x=182, y=104, w=48, h=43, score=0.55427
[Park] Fork[1] added to resFork
[Park] Total forks after initial filter: 1
[Park] Added first fork to filter
[Park] Final resFilter size: 1
[Park] Returning 1 spot
[Park] Returning 1 spots
[NEW] mcSpeed=27 mcServo=86 buzzer=0
[TX] aa 00 1b 00 56 00 dd 
[Park] findParkStation: Searching in 0 results
[Park] Total forks after initial filter: 0
[NEW] mcSpeed=27 mcServo=95 buzzer=0
[TX] aa 00 1b 00 5f 00 dd 
[Park] findParkStation: Searching in 2 results
[Park] Found fork[1]: x=184, y=110, w=45, h=54, score=0.417059
[Park] Fork[1] added to resFork
[Park] Total forks after initial filter: 1
[Park] Added first fork to filter
[Park] Final resFilter size: 1
[Park] Returning 1 spot
[Park] Returning 1 spots
[NEW] mcSpeed=27 mcServo=80 buzzer=0
[TX] aa 00 1b 00 50 00 dd 
[Park] findParkStation: Searching in 1 results
[Park] Total forks after initial filter: 0
[NEW] mcSpeed=27 mcServo=95 buzzer=0
[TX] aa 00 1b 00 5f 00 dd 
[Park] findParkStation: Searching in 2 results
[Park] Found fork[1]: x=184, y=122, w=45, h=54, score=0.653827
[Park] Fork[1] added to resFork
[Park] Total forks after initial filter: 1
[Park] Added first fork to filter
[Park] Final resFilter size: 1
[Park] Returning 1 spot
[Park] Returning 1 spots
[NEW] mcSpeed=27 mcServo=80 buzzer=0
[TX] aa 00 1b 00 50 00 dd 
[Park] findParkStation: Searching in 2 results
[Park] Found fork[1]: x=187, y=132, w=45, h=54, score=0.802869
[Park] Fork[1] added to resFork
[Park] Total forks after initial filter: 1
[Park] Added first fork to filter
[Park] Final resFilter size: 1
[Park] Returning 1 spot
[Park] Returning 1 spots
[NEW] mcSpeed=27 mcServo=85 buzzer=0
[TX] aa 00 1b 00 55 00 dd 
[Park] findParkStation: Searching in 2 results
[Park] Found fork[1]: x=188, y=135, w=45, h=69, score=0.638369
[Park] Fork[1] added to resFork
[Park] Total forks after initial filter: 1
[Park] Added first fork to filter
[Park] Final resFilter size: 1
[Park] Returning 1 spot
[Park] Returning 1 spots
[NEW] mcSpeed=27 mcServo=85 buzzer=0
[TX] aa 00 1b 00 55 00 dd 
[Park] findParkStation: Searching in 2 results
[Park] Found fork[1]: x=190, y=141, w=45, h=69, score=0.754516
[Park] Fork[1] added to resFork
[Park] Total forks after initial filter: 1
[Park] Added first fork to filter
[Park] Final resFilter size: 1
[Park] Returning 1 spot
[Park] Returning 1 spots
[NEW] mcSpeed=27 mcServo=85 buzzer=0
[TX] aa 00 1b 00 55 00 dd 
[Park] findParkStation: Searching in 2 results
[Park] Found fork[1]: x=186, y=150, w=59, h=69, score=0.696388
[Park] Fork[1] added to resFork
[Park] Total forks after initial filter: 1
[Park] Added first fork to filter
[Park] Final resFilter size: 1
[Park] Returning 1 spot
[Park] Returning 1 spots
[NEW] mcSpeed=27 mcServo=85 buzzer=0
[TX] aa 00 1b 00 55 00 dd 
[Park] findParkStation: Searching in 2 results
[Park] Found fork[1]: x=188, y=159, w=59, h=69, score=0.638369
[Park] Fork[1] added to resFork
[Park] Total forks after initial filter: 1
[Park] Added first fork to filter
[Park] Final resFilter size: 1
[Park] Returning 1 spot
[Park] Returning 1 spots
[NEW] mcSpeed=27 mcServo=85 buzzer=0
[TX] aa 00 1b 00 55 00 dd 
[Park] findParkStation: Searching in 2 results
[Park] Found fork[1]: x=187, y=162, w=59, h=69, score=0.646968
[Park] Fork[1] added to resFork
[Park] Total forks after initial filter: 1
[Park] Added first fork to filter
[Park] Final resFilter size: 1
[Park] Returning 1 spot
[Park] Returning 1 spots
[NEW] mcSpeed=27 mcServo=85 buzzer=0
[TX] aa 00 1b 00 55 00 dd 
[Park] findParkStation: Searching in 2 results
[Park] Found fork[1]: x=176, y=165, w=75, h=69, score=0.373005
[Park] Fork[1] added to resFork
[Park] Total forks after initial filter: 1
[Park] Added first fork to filter
[Park] Final resFilter size: 1
[Park] Returning 1 spot
[Park] Returning 1 spots
[NEW] mcSpeed=27 mcServo=86 buzzer=0
[TX] aa 00 1b 00 56 00 dd 
[Park] findParkStation: Searching in 1 results
[Park] Total forks after initial filter: 0
[NEW] mcSpeed=27 mcServo=95 buzzer=0
[TX] aa 00 1b 00 5f 00 dd 
[Park] findParkStation: Searching in 1 results
[Park] Total forks after initial filter: 0
[NEW] mcSpeed=27 mcServo=90 buzzer=0
[TX] aa 00 1b 00 5a 00 dd 
[Park] findParkStation: Searching in 2 results
[Park] Total forks after initial filter: 0
[NEW] mcSpeed=27 mcServo=92 buzzer=0
[TX] aa 00 1b 00 5c 00 dd 
[Park] findParkStation: Searching in 2 results
[Park] Total forks after initial filter: 0
[NEW] mcSpeed=27 mcServo=91 buzzer=0
[TX] aa 00 1b 00 5b 00 dd 
[Park] findParkStation: Searching in 2 results
[Park] Total forks after initial filter: 0
[NEW] mcSpeed=27 mcServo=91 buzzer=0
[TX] aa 00 1b 00 5b 00 dd 
[Park] findParkStation: Searching in 2 results
[Park] Total forks after initial filter: 0
[NEW] mcSpeed=27 mcServo=91 buzzer=0
[TX] aa 00 1b 00 5b 00 dd 
[Park] findParkStation: Searching in 2 results
[Park] Total forks after initial filter: 0
[NEW] mcSpeed=27 mcServo=91 buzzer=0
[TX] aa 00 1b 00 5b 00 dd 
[Park] findParkStation: Searching in 2 results
[Park] Total forks after initial filter: 0
[NEW] mcSpeed=27 mcServo=90 buzzer=0
[TX] aa 00 1b 00 5a 00 dd 
[Park] findParkStation: Searching in 2 results
[Park] Total forks after initial filter: 0
[NEW] mcSpeed=27 mcServo=91 buzzer=0
[TX] aa 00 1b 00 5b 00 dd 
[Park] findParkStation: Searching in 2 results
[Park] Total forks after initial filter: 0
[NEW] mcSpeed=27 mcServo=90 buzzer=0
[TX] aa 00 1b 00 5a 00 dd 
[Park] findParkStation: Searching in 2 results
[Park] Total forks after initial filter: 0
[NEW] mcSpeed=27 mcServo=90 buzzer=0
[TX] aa 00 1b 00 5a 00 dd 
[Park] findParkStation: Searching in 2 results
[Park] Total forks after initial filter: 0
[NEW] mcSpeed=27 mcServo=90 buzzer=0
[TX] aa 00 1b 00 5a 00 dd 
[Park] findParkStation: Searching in 2 results
[Park] Total forks after initial filter: 0
[NEW] mcSpeed=27 mcServo=90 buzzer=0
[TX] aa 00 1b 00 5a 00 dd 
[Park] findParkStation: Searching in 2 results
[Park] Total forks after initial filter: 0
[NEW] mcSpeed=27 mcServo=90 buzzer=0
[TX] aa 00 1b 00 5a 00 dd 
[Park] findParkStation: Searching in 2 results
[Park] Total forks after initial filter: 0
[NEW] mcSpeed=27 mcServo=90 buzzer=0
[TX] aa 00 1b 00 5a 00 dd 
[Park] findParkStation: Searching in 2 results
[Park] Total forks after initial filter: 0
[NEW] mcSpeed=27 mcServo=90 buzzer=0
[TX] aa 00 1b 00 5a 00 dd 
[Park] findParkStation: Searching in 2 results
[Park] Total forks after initial filter: 0
[NEW] mcSpeed=27 mcServo=90 buzzer=0
[TX] aa 00 1b 00 5a 00 dd 
[Park] findParkStation: Searching in 2 results
[Park] Total forks after initial filter: 0
[NEW] mcSpeed=27 mcServo=90 buzzer=0
[TX] aa 00 1b 00 5a 00 dd 
[Park] findParkStation: Searching in 2 results
[Park] Total forks after initial filter: 0
[NEW] mcSpeed=27 mcServo=90 buzzer=0
[TX] aa 00 1b 00 5a 00 dd 
[Park] findParkStation: Searching in 1 results
[Park] Total forks after initial filter: 0
[NEW] mcSpeed=27 mcServo=80 buzzer=0
[TX] aa 00 1b 00 50 00 dd 
[Park] findParkStation: Searching in 2 results
[Park] Total forks after initial filter: 0
[NEW] mcSpeed=27 mcServo=95 buzzer=0
[TX] aa 00 1b 00 5f 00 dd 
[Park] findParkStation: Searching in 2 results
[Park] Total forks after initial filter: 0
[NEW] mcSpeed=27 mcServo=89 buzzer=0
[TX] aa 00 1b 00 59 00 dd 
[Park] findParkStation: Searching in 2 results
[Park] Total forks after initial filter: 0
[NEW] mcSpeed=27 mcServo=90 buzzer=0
[TX] aa 00 1b 00 5a 00 dd 
[Park] findParkStation: Searching in 2 results
[Park] Total forks after initial filter: 0
[NEW] mcSpeed=27 mcServo=90 buzzer=0
[TX] aa 00 1b 00 5a 00 dd 
[Park] findParkStation: Searching in 2 results
[Park] Total forks after initial filter: 0
[NEW] mcSpeed=27 mcServo=90 buzzer=0
[TX] aa 00 1b 00 5a 00 dd 
[Park] findParkStation: Searching in 2 results
[Park] Total forks after initial filter: 0
[NEW] mcSpeed=27 mcServo=90 buzzer=0
[TX] aa 00 1b 00 5a 00 dd 
[Park] findParkStation: Searching in 2 results
[Park] Total forks after initial filter: 0
[NEW] mcSpeed=27 mcServo=90 buzzer=0
[TX] aa 00 1b 00 5a 00 dd 
[Park] findParkStation: Searching in 2 results
[Park] Total forks after initial filter: 0
[NEW] mcSpeed=27 mcServo=90 buzzer=0
[TX] aa 00 1b 00 5a 00 dd 
[Park] findParkStation: Searching in 2 results
[Park] Total forks after initial filter: 0
[NEW] mcSpeed=0 mcServo=89 buzzer=0
[TX] aa 00 00 00 59 00 dd 
[Park] findParkStation: Searching in 2 results
[Park] Total forks after initial filter: 0
[NEW] mcSpeed=0 mcServo=89 buzzer=0
[TX] aa 00 00 00 59 00 dd 
[Park] findParkStation: Searching in 2 results
[Park] Total forks after initial filter: 0
[NEW] mcSpeed=0 mcServo=89 buzzer=0
[TX] aa 00 00 00 59 00 dd 
[Park] findParkStation: Searching in 2 results
[Park] Total forks after initial filter: 0
[NEW] mcSpeed=0 mcServo=89 buzzer=0
[TX] aa 00 00 00 59 00 dd 
[Park] findParkStation: Searching in 2 results
[Park] Total forks after initial filter: 0
[NEW] mcSpeed=0 mcServo=89 buzzer=0
[TX] aa 00 00 00 59 00 dd 
[Park] findParkStation: Searching in 2 results
[Park] Total forks after initial filter: 0
[NEW] mcSpeed=0 mcServo=89 buzzer=0
[TX] aa 00 00 00 59 00 dd 
[Park] findParkStation: Searching in 2 results
[Park] Total forks after initial filter: 0
[NEW] mcSpeed=0 mcServo=89 buzzer=0
[TX] aa 00 00 00 59 00 dd 
[Park] findParkStation: Searching in 2 results
[Park] Total forks after initial filter: 0
[NEW] mcSpeed=0 mcServo=89 buzzer=0
[TX] aa 00 00 00 59 00 dd 
[Park] findParkStation: Searching in 2 results
[Park] Total forks after initial filter: 0
[NEW] mcSpeed=0 mcServo=89 buzzer=0
[TX] aa 00 00 00 59 00 dd 
[Park] findParkStation: Searching in 2 results
[Park] Total forks after initial filter: 0
[NEW] mcSpeed=0 mcServo=89 buzzer=0
[TX] aa 00 00 00 59 00 dd 
[Park] findParkStation: Searching in 2 results
[Park] Total forks after initial filter: 0
[NEW] mcSpeed=0 mcServo=89 buzzer=0
[TX] aa 00 00 00 59 00 dd 
[Park] findParkStation: Searching in 2 results
[Park] Total forks after initial filter: 0
[NEW] mcSpeed=0 mcServo=89 buzzer=0
[TX] aa 00 00 00 59 00 dd 
[Park] findParkStation: Searching in 1 results
[Park] Total forks after initial filter: 0
[NEW] mcSpeed=0 mcServo=89 buzzer=0
[TX] aa 00 00 00 59 00 dd 
[Park] findParkStation: Searching in 1 results
[Park] Total forks after initial filter: 0
[NEW] mcSpeed=0 mcServo=89 buzzer=0
[TX] aa 00 00 00 59 00 dd 
[Park] findParkStation: Searching in 1 results
[Park] Total forks after initial filter: 0
[NEW] mcSpeed=0 mcServo=89 buzzer=0
[TX] aa 00 00 00 59 00 dd 
[Park] findParkStation: Searching in 1 results
[Park] Total forks after initial filter: 0
[NEW] mcSpeed=0 mcServo=89 buzzer=0
[TX] aa 00 00 00 59 00 dd 
[Park] findParkStation: Searching in 1 results
[Park] Total forks after initial filter: 0
[NEW] mcSpeed=0 mcServo=89 buzzer=0
[TX] aa 00 00 00 59 00 dd 
[Park] findParkStation: Searching in 1 results
[Park] Total forks after initial filter: 0
[NEW] mcSpeed=0 mcServo=89 buzzer=0
[TX] aa 00 00 00 59 00 dd 
[Park] findParkStation: Searching in 1 results
[Park] Total forks after initial filter: 0
[NEW] mcSpeed=0 mcServo=89 buzzer=0
[TX] aa 00 00 00 59 00 dd 
[Park] findParkStation: Searching in 1 results
[Park] Total forks after initial filter: 0
[NEW] mcSpeed=0 mcServo=89 buzzer=0
[TX] aa 00 00 00 59 00 dd 
[Park] findParkStation: Searching in 1 results
[Park] Total forks after initial filter: 0
[NEW] mcSpeed=0 mcServo=89 buzzer=0
[TX] aa 00 00 00 59 00 dd 
[Park] findParkStation: Searching in 1 results
[Park] Total forks after initial filter: 0
[NEW] mcSpeed=0 mcServo=89 buzzer=0
[TX] aa 00 00 00 59 00 dd 
[Park] findParkStation: Searching in 1 results
[Park] Total forks after initial filter: 0
[NEW] mcSpeed=0 mcServo=89 buzzer=0
[TX] aa 00 00 00 59 00 dd 
[Park] findParkStation: Searching in 1 results
[Park] Total forks after initial filter: 0
[NEW] mcSpeed=0 mcServo=89 buzzer=0
[TX] aa 00 00 00 59 00 dd 
[Park] findParkStation: Searching in 1 results
[Park] Total forks after initial filter: 0
[NEW] mcSpeed=0 mcServo=89 buzzer=0
[TX] aa 00 00 00 59 00 dd 
[Park] findParkStation: Searching in 1 results
[Park] Total forks after initial filter: 0
[NEW] mcSpeed=0 mcServo=89 buzzer=0
[TX] aa 00 00 00 59 00 dd 
[Park] findParkStation: Searching in 1 results
[Park] Total forks after initial filter: 0
[NEW] mcSpeed=0 mcServo=89 buzzer=0
[TX] aa 00 00 00 59 00 dd 
[Park] findParkStation: Searching in 1 results
[Park] Total forks after initial filter: 0
[NEW] mcSpeed=0 mcServo=89 buzzer=0
[TX] aa 00 00 00 59 00 dd 
[Park] findParkStation: Searching in 1 results
[Park] Total forks after initial filter: 0
[NEW] mcSpeed=0 mcServo=89 buzzer=0
[TX] aa 00 00 00 59 00 dd 
[Park] findParkStation: Searching in 1 results
[Park] Total forks after initial filter: 0
[NEW] mcSpeed=0 mcServo=89 buzzer=0
[TX] aa 00 00 00 59 00 dd 
[Park] findParkStation: Searching in 1 results
[Park] Total forks after initial filter: 0
[NEW] mcSpeed=0 mcServo=89 buzzer=0
[TX] aa 00 00 00 59 00 dd 
[Park] findParkStation: Searching in 1 results
[Park] Total forks after initial filter: 0
[NEW] mcSpeed=0 mcServo=89 buzzer=0
[TX] aa 00 00 00 59 00 dd 
[Park] findParkStation: Searching in 1 results
[Park] Total forks after initial filter: 0
[NEW] mcSpeed=0 mcServo=89 buzzer=0
[TX] aa 00 00 00 59 00 dd 
[Park] findParkStation: Searching in 1 results
[Park] Total forks after initial filter: 0
[NEW] mcSpeed=0 mcServo=89 buzzer=0
[TX] aa 00 00 00 59 00 dd 
[Park] findParkStation: Searching in 1 results
[Park] Total forks after initial filter: 0
[NEW] mcSpeed=0 mcServo=89 buzzer=0
[TX] aa 00 00 00 59 00 dd 
[Park] findParkStation: Searching in 1 results
[Park] Total forks after initial filter: 0
[NEW] mcSpeed=0 mcServo=89 buzzer=0
[TX] aa 00 00 00 59 00 dd 
[Park] findParkStation: Searching in 1 results
[Park] Total forks after initial filter: 0
[NEW] mcSpeed=0 mcServo=89 buzzer=0
[TX] aa 00 00 00 59 00 dd 
[Park] findParkStation: Searching in 1 results
[Park] Total forks after initial filter: 0
[NEW] mcSpeed=0 mcServo=89 buzzer=0
[TX] aa 00 00 00 59 00 dd 
[Park] findParkStation: Searching in 1 results
[Park] Total forks after initial filter: 0
[NEW] mcSpeed=0 mcServo=89 buzzer=0
[TX] aa 00 00 00 59 00 dd 
[Park] findParkStation: Searching in 1 results
[Park] Total forks after initial filter: 0
[NEW] mcSpeed=0 mcServo=89 buzzer=0
[TX] aa 00 00 00 59 00 dd 
[Park] findParkStation: Searching in 1 results
[Park] Total forks after initial filter: 0
[NEW] mcSpeed=0 mcServo=89 buzzer=0
[TX] aa 00 00 00 59 00 dd 
[Park] findParkStation: Searching in 1 results
[Park] Total forks after initial filter: 0
[NEW] mcSpeed=27 mcServo=89 buzzer=0
[TX] aa 00 1b 00 59 00 dd 
[Park] findParkStation: Searching in 1 results
[Park] Total forks after initial filter: 0
[NEW] mcSpeed=27 mcServo=89 buzzer=0
[TX] aa 00 1b 00 59 00 dd 
[Park] findParkStation: Searching in 1 results
[Park] Total forks after initial filter: 0
[NEW] mcSpeed=27 mcServo=89 buzzer=0
[TX] aa 00 1b 00 59 00 dd 
[Park] findParkStation: Searching in 1 results
[Park] Total forks after initial filter: 0
[NEW] mcSpeed=27 mcServo=89 buzzer=0
[TX] aa 00 1b 00 59 00 dd 
[Park] findParkStation: Searching in 1 results
[Park] Total forks after initial filter: 0
[NEW] mcSpeed=27 mcServo=89 buzzer=0
[TX] aa 00 1b 00 59 00 dd 
[Park] findParkStation: Searching in 1 results
[Park] Total forks after initial filter: 0
[NEW] mcSpeed=27 mcServo=89 buzzer=0
[TX] aa 00 1b 00 59 00 dd 
[Park] findParkStation: Searching in 1 results
[Park] Total forks after initial filter: 0
[NEW] mcSpeed=27 mcServo=89 buzzer=0
[TX] aa 00 1b 00 59 00 dd 
[Park] findParkStation: Searching in 1 results
[Park] Total forks after initial filter: 0
[NEW] mcSpeed=27 mcServo=89 buzzer=0
[TX] aa 00 1b 00 59 00 dd 
[Park] findParkStation: Searching in 1 results
[Park] Total forks after initial filter: 0
[NEW] mcSpeed=27 mcServo=89 buzzer=0
[TX] aa 00 1b 00 59 00 dd 
[Park] findParkStation: Searching in 1 results
[Park] Total forks after initial filter: 0
[NEW] mcSpeed=27 mcServo=88 buzzer=0
[TX] aa 00 1b 00 58 00 dd 
[Park] findParkStation: Searching in 1 results
[Park] Total forks after initial filter: 0
[NEW] mcSpeed=27 mcServo=89 buzzer=0
[TX] aa 00 1b 00 59 00 dd 
[Park] findParkStation: Searching in 1 results
[Park] Total forks after initial filter: 0
[NEW] mcSpeed=27 mcServo=88 buzzer=0
[TX] aa 00 1b 00 58 00 dd 
[Park] findParkStation: Searching in 2 results
[Park] Total forks after initial filter: 0
[NEW] mcSpeed=27 mcServo=88 buzzer=0
[TX] aa 00 1b 00 58 00 dd 
[Park] findParkStation: Searching in 1 results
[Park] Total forks after initial filter: 0
[NEW] mcSpeed=27 mcServo=88 buzzer=0
[TX] aa 00 1b 00 58 00 dd 
[Park] findParkStation: Searching in 1 results
[Park] Total forks after initial filter: 0
[NEW] mcSpeed=27 mcServo=88 buzzer=0
[TX] aa 00 1b 00 58 00 dd 
[Park] findParkStation: Searching in 1 results
[Park] Total forks after initial filter: 0
[NEW] mcSpeed=27 mcServo=88 buzzer=0
[TX] aa 00 1b 00 58 00 dd 
[Park] findParkStation: Searching in 1 results
[Park] Total forks after initial filter: 0
[NEW] mcSpeed=27 mcServo=88 buzzer=0
[TX] aa 00 1b 00 58 00 dd 
[NEW] mcSpeed=27 mcServo=97 buzzer=0
[TX] aa 00 1b 00 61 00 dd 
[NEW] mcSpeed=27 mcServo=102 buzzer=0
[TX] aa 00 1b 00 66 00 dd 
[NEW] mcSpeed=27 mcServo=108 buzzer=0
[TX] aa 00 1b 00 6c 00 dd 
[NEW] mcSpeed=27 mcServo=107 buzzer=0
[TX] aa 00 1b 00 6b 00 dd 
[NEW] mcSpeed=27 mcServo=105 buzzer=0
[TX] aa 00 1b 00 69 00 dd 
[NEW] mcSpeed=27 mcServo=105 buzzer=0
[TX] aa 00 1b 00 69 00 dd 
[NEW] mcSpeed=27 mcServo=105 buzzer=0
[TX] aa 00 1b 00 69 00 dd 
[NEW] mcSpeed=27 mcServo=105 buzzer=0
[TX] aa 00 1b 00 69 00 dd 
[NEW] mcSpeed=27 mcServo=105 buzzer=0
[TX] aa 00 1b 00 69 00 dd 
[NEW] mcSpeed=27 mcServo=105 buzzer=0
[TX] aa 00 1b 00 69 00 dd 
[NEW] mcSpeed=27 mcServo=105 buzzer=0
[TX] aa 00 1b 00 69 00 dd 
[NEW] mcSpeed=27 mcServo=105 buzzer=0
[TX] aa 00 1b 00 69 00 dd 
[NEW] mcSpeed=27 mcServo=105 buzzer=0
[TX] aa 00 1b 00 69 00 dd 
[NEW] mcSpeed=27 mcServo=105 buzzer=0
[TX] aa 00 1b 00 69 00 dd 
[NEW] mcSpeed=27 mcServo=105 buzzer=0
[TX] aa 00 1b 00 69 00 dd 
[NEW] mcSpeed=22 mcServo=105 buzzer=1
[TX] aa 00 16 00 69 01 dd 
[NEW] mcSpeed=22 mcServo=104 buzzer=0
[TX] aa 00 16 00 68 00 dd 
[NEW] mcSpeed=22 mcServo=107 buzzer=0
[TX] aa 00 16 00 6b 00 dd 
[NEW] mcSpeed=22 mcServo=105 buzzer=0
[TX] aa 00 16 00 69 00 dd 
[NEW] mcSpeed=22 mcServo=104 buzzer=0
[TX] aa 00 16 00 68 00 dd 
[NEW] mcSpeed=22 mcServo=106 buzzer=0
[TX] aa 00 16 00 6a 00 dd 
[NEW] mcSpeed=22 mcServo=106 buzzer=0
[TX] aa 00 16 00 6a 00 dd 
[NEW] mcSpeed=22 mcServo=103 buzzer=0
[TX] aa 00 16 00 67 00 dd 
[NEW] mcSpeed=22 mcServo=107 buzzer=0
[TX] aa 00 16 00 6b 00 dd 
[NEW] mcSpeed=22 mcServo=106 buzzer=0
[TX] aa 00 16 00 6a 00 dd 
[NEW] mcSpeed=22 mcServo=104 buzzer=0
[TX] aa 00 16 00 68 00 dd 
[NEW] mcSpeed=22 mcServo=106 buzzer=0
[TX] aa 00 16 00 6a 00 dd 
[NEW] mcSpeed=22 mcServo=105 buzzer=0
[TX] aa 00 16 00 69 00 dd 
[NEW] mcSpeed=22 mcServo=106 buzzer=0
[TX] aa 00 16 00 6a 00 dd 
[NEW] mcSpeed=22 mcServo=105 buzzer=0
[TX] aa 00 16 00 69 00 dd 
[NEW] mcSpeed=22 mcServo=107 buzzer=0
[TX] aa 00 16 00 6b 00 dd 
[NEW] mcSpeed=22 mcServo=105 buzzer=0
[TX] aa 00 16 00 69 00 dd 
[NEW] mcSpeed=22 mcServo=105 buzzer=0
[TX] aa 00 16 00 69 00 dd 
[NEW] mcSpeed=22 mcServo=106 buzzer=0
[TX] aa 00 16 00 6a 00 dd 
[NEW] mcSpeed=22 mcServo=106 buzzer=0
[TX] aa 00 16 00 6a 00 dd 
[NEW] mcSpeed=22 mcServo=106 buzzer=0
[TX] aa 00 16 00 6a 00 dd 
[NEW] mcSpeed=22 mcServo=106 buzzer=0
[TX] aa 00 16 00 6a 00 dd 
[NEW] mcSpeed=22 mcServo=106 buzzer=0
[TX] aa 00 16 00 6a 00 dd 
[NEW] mcSpeed=22 mcServo=94 buzzer=0
[TX] aa 00 16 00 5e 00 dd 
[NEW] mcSpeed=22 mcServo=90 buzzer=0
[TX] aa 00 16 00 5a 00 dd 
[NEW] mcSpeed=22 mcServo=99 buzzer=0
[TX] aa 00 16 00 63 00 dd 
[NEW] mcSpeed=22 mcServo=97 buzzer=0
[TX] aa 00 16 00 61 00 dd 
[NEW] mcSpeed=22 mcServo=97 buzzer=0
[TX] aa 00 16 00 61 00 dd 
[NEW] mcSpeed=22 mcServo=96 buzzer=0
[TX] aa 00 16 00 60 00 dd 
[NEW] mcSpeed=22 mcServo=96 buzzer=0
[TX] aa 00 16 00 60 00 dd 
[NEW] mcSpeed=22 mcServo=96 buzzer=0
[TX] aa 00 16 00 60 00 dd 
[NEW] mcSpeed=22 mcServo=96 buzzer=0
[TX] aa 00 16 00 60 00 dd 
[NEW] mcSpeed=22 mcServo=96 buzzer=0
[TX] aa 00 16 00 60 00 dd 
[NEW] mcSpeed=22 mcServo=96 buzzer=0
[TX] aa 00 16 00 60 00 dd 
[NEW] mcSpeed=22 mcServo=96 buzzer=0
[TX] aa 00 16 00 60 00 dd 
[NEW] mcSpeed=22 mcServo=96 buzzer=0
[TX] aa 00 16 00 60 00 dd 
[NEW] mcSpeed=22 mcServo=96 buzzer=0
[TX] aa 00 16 00 60 00 dd 
[NEW] mcSpeed=22 mcServo=96 buzzer=0
[TX] aa 00 16 00 60 00 dd 
[NEW] mcSpeed=22 mcServo=96 buzzer=0
[TX] aa 00 16 00 60 00 dd 
[NEW] mcSpeed=22 mcServo=96 buzzer=0
[TX] aa 00 16 00 60 00 dd 
[NEW] mcSpeed=22 mcServo=95 buzzer=0
[TX] aa 00 16 00 5f 00 dd 
[NEW] mcSpeed=22 mcServo=95 buzzer=0
[TX] aa 00 16 00 5f 00 dd 
[NEW] mcSpeed=22 mcServo=94 buzzer=0
[TX] aa 00 16 00 5e 00 dd 
[NEW] mcSpeed=22 mcServo=94 buzzer=0
[TX] aa 00 16 00 5e 00 dd 
[NEW] mcSpeed=22 mcServo=93 buzzer=0
[TX] aa 00 16 00 5d 00 dd 
[NEW] mcSpeed=22 mcServo=93 buzzer=0
[TX] aa 00 16 00 5d 00 dd 
[NEW] mcSpeed=22 mcServo=92 buzzer=0
[TX] aa 00 16 00 5c 00 dd 
[NEW] mcSpeed=22 mcServo=103 buzzer=0
[TX] aa 00 16 00 67 00 dd 
[NEW] mcSpeed=22 mcServo=109 buzzer=0
[TX] aa 00 16 00 6d 00 dd 
[NEW] mcSpeed=22 mcServo=99 buzzer=0
[TX] aa 00 16 00 63 00 dd 
[NEW] mcSpeed=22 mcServo=113 buzzer=0
[TX] aa 00 16 00 71 00 dd 
[NEW] mcSpeed=22 mcServo=115 buzzer=0
[TX] aa 00 16 00 73 00 dd 
[NEW] mcSpeed=22 mcServo=112 buzzer=0
[TX] aa 00 16 00 70 00 dd 
[NEW] mcSpeed=22 mcServo=101 buzzer=0
[TX] aa 00 16 00 65 00 dd 
[NEW] mcSpeed=22 mcServo=94 buzzer=0
[TX] aa 00 16 00 5e 00 dd 
[NEW] mcSpeed=22 mcServo=112 buzzer=0
[TX] aa 00 16 00 70 00 dd 
[NEW] mcSpeed=22 mcServo=115 buzzer=0
[TX] aa 00 16 00 73 00 dd 
[NEW] mcSpeed=22 mcServo=110 buzzer=0
[TX] aa 00 16 00 6e 00 dd 
[NEW] mcSpeed=22 mcServo=111 buzzer=0
[TX] aa 00 16 00 6f 00 dd 
[NEW] mcSpeed=22 mcServo=110 buzzer=0
[TX] aa 00 16 00 6e 00 dd 
[NEW] mcSpeed=22 mcServo=110 buzzer=0
[TX] aa 00 16 00 6e 00 dd 
[NEW] mcSpeed=22 mcServo=108 buzzer=0
[TX] aa 00 16 00 6c 00 dd 
[NEW] mcSpeed=22 mcServo=107 buzzer=0
[TX] aa 00 16 00 6b 00 dd 
[NEW] mcSpeed=22 mcServo=96 buzzer=0
[TX] aa 00 16 00 60 00 dd 
[NEW] mcSpeed=22 mcServo=90 buzzer=0
[TX] aa 00 16 00 5a 00 dd 
[NEW] mcSpeed=22 mcServo=94 buzzer=0
[TX] aa 00 16 00 5e 00 dd 
[NEW] mcSpeed=22 mcServo=92 buzzer=0
[TX] aa 00 16 00 5c 00 dd 
[NEW] mcSpeed=22 mcServo=91 buzzer=0
[TX] aa 00 16 00 5b 00 dd 
[NEW] mcSpeed=22 mcServo=91 buzzer=0
[TX] aa 00 16 00 5b 00 dd 
[NEW] mcSpeed=22 mcServo=90 buzzer=0
[TX] aa 00 16 00 5a 00 dd 
[NEW] mcSpeed=22 mcServo=90 buzzer=0
[TX] aa 00 16 00 5a 00 dd 
[NEW] mcSpeed=22 mcServo=90 buzzer=0
[TX] aa 00 16 00 5a 00 dd 
[NEW] mcSpeed=22 mcServo=90 buzzer=0
[TX] aa 00 16 00 5a 00 dd 
[NEW] mcSpeed=22 mcServo=90 buzzer=0
[TX] aa 00 16 00 5a 00 dd 
[NEW] mcSpeed=22 mcServo=90 buzzer=0
[TX] aa 00 16 00 5a 00 dd 
[NEW] mcSpeed=22 mcServo=90 buzzer=0
[TX] aa 00 16 00 5a 00 dd 
[NEW] mcSpeed=22 mcServo=91 buzzer=0
[TX] aa 00 16 00 5b 00 dd 
[NEW] mcSpeed=22 mcServo=90 buzzer=0
[TX] aa 00 16 00 5a 00 dd 
[NEW] mcSpeed=22 mcServo=91 buzzer=0
[TX] aa 00 16 00 5b 00 dd 
[NEW] mcSpeed=22 mcServo=91 buzzer=0
[TX] aa 00 16 00 5b 00 dd 
[NEW] mcSpeed=22 mcServo=90 buzzer=0
[TX] aa 00 16 00 5a 00 dd 
[NEW] mcSpeed=22 mcServo=90 buzzer=0
[TX] aa 00 16 00 5a 00 dd 
[NEW] mcSpeed=22 mcServo=90 buzzer=0
[TX] aa 00 16 00 5a 00 dd 
[NEW] mcSpeed=22 mcServo=90 buzzer=0
[TX] aa 00 16 00 5a 00 dd 
[NEW] mcSpeed=22 mcServo=90 buzzer=0
[TX] aa 00 16 00 5a 00 dd 
[NEW] mcSpeed=22 mcServo=89 buzzer=0
[TX] aa 00 16 00 59 00 dd 
[NEW] mcSpeed=22 mcServo=90 buzzer=0
[TX] aa 00 16 00 5a 00 dd 
[NEW] mcSpeed=22 mcServo=90 buzzer=0
[TX] aa 00 16 00 5a 00 dd 
[NEW] mcSpeed=22 mcServo=90 buzzer=0
[TX] aa 00 16 00 5a 00 dd 
[NEW] mcSpeed=22 mcServo=90 buzzer=0
[TX] aa 00 16 00 5a 00 dd 
[NEW] mcSpeed=22 mcServo=90 buzzer=0
[TX] aa 00 16 00 5a 00 dd 
[NEW] mcSpeed=22 mcServo=90 buzzer=0
[TX] aa 00 16 00 5a 00 dd 
[NEW] mcSpeed=22 mcServo=90 buzzer=0
[TX] aa 00 16 00 5a 00 dd 
[NEW] mcSpeed=22 mcServo=90 buzzer=0
[TX] aa 00 16 00 5a 00 dd 
[NEW] mcSpeed=22 mcServo=90 buzzer=0
[TX] aa 00 16 00 5a 00 dd 
[NEW] mcSpeed=22 mcServo=90 buzzer=0
[TX] aa 00 16 00 5a 00 dd 
[NEW] mcSpeed=22 mcServo=90 buzzer=0
[TX] aa 00 16 00 5a 00 dd 
[NEW] mcSpeed=22 mcServo=91 buzzer=0
[TX] aa 00 16 00 5b 00 dd 
[NEW] mcSpeed=22 mcServo=91 buzzer=0
[TX] aa 00 16 00 5b 00 dd 
[NEW] mcSpeed=22 mcServo=91 buzzer=0
[TX] aa 00 16 00 5b 00 dd 
[NEW] mcSpeed=22 mcServo=91 buzzer=0
[TX] aa 00 16 00 5b 00 dd 
[NEW] mcSpeed=22 mcServo=91 buzzer=0
[TX] aa 00 16 00 5b 00 dd 
[NEW] mcSpeed=22 mcServo=92 buzzer=0
[TX] aa 00 16 00 5c 00 dd 
[NEW] mcSpeed=22 mcServo=92 buzzer=0
[TX] aa 00 16 00 5c 00 dd 
[NEW] mcSpeed=22 mcServo=92 buzzer=0
[TX] aa 00 16 00 5c 00 dd 
[NEW] mcSpeed=22 mcServo=93 buzzer=0
[TX] aa 00 16 00 5d 00 dd 
[NEW] mcSpeed=22 mcServo=93 buzzer=0
[TX] aa 00 16 00 5d 00 dd 
[NEW] mcSpeed=22 mcServo=93 buzzer=0
[TX] aa 00 16 00 5d 00 dd 
[NEW] mcSpeed=22 mcServo=104 buzzer=0
[TX] aa 00 16 00 68 00 dd 
[NEW] mcSpeed=22 mcServo=110 buzzer=0
[TX] aa 00 16 00 6e 00 dd 
[NEW] mcSpeed=22 mcServo=103 buzzer=0
[TX] aa 00 16 00 67 00 dd 
[NEW] mcSpeed=22 mcServo=105 buzzer=0
[TX] aa 00 16 00 69 00 dd 
[NEW] mcSpeed=22 mcServo=104 buzzer=0
[TX] aa 00 16 00 68 00 dd 
[NEW] mcSpeed=22 mcServo=105 buzzer=0
[TX] aa 00 16 00 69 00 dd 
[NEW] mcSpeed=22 mcServo=103 buzzer=0
[TX] aa 00 16 00 67 00 dd 
[NEW] mcSpeed=22 mcServo=104 buzzer=0
[TX] aa 00 16 00 68 00 dd 
[NEW] mcSpeed=22 mcServo=105 buzzer=0
[TX] aa 00 16 00 69 00 dd 
[NEW] mcSpeed=22 mcServo=105 buzzer=0
[TX] aa 00 16 00 69 00 dd 
[NEW] mcSpeed=22 mcServo=103 buzzer=0
[TX] aa 00 16 00 67 00 dd 
[NEW] mcSpeed=22 mcServo=105 buzzer=0
[TX] aa 00 16 00 69 00 dd 
[NEW] mcSpeed=22 mcServo=105 buzzer=0
[TX] aa 00 16 00 69 00 dd 
[NEW] mcSpeed=22 mcServo=103 buzzer=0
[TX] aa 00 16 00 67 00 dd 
[NEW] mcSpeed=22 mcServo=104 buzzer=0
[TX] aa 00 16 00 68 00 dd 
[NEW] mcSpeed=22 mcServo=105 buzzer=0
[TX] aa 00 16 00 69 00 dd 
[NEW] mcSpeed=22 mcServo=104 buzzer=0
[TX] aa 00 16 00 68 00 dd 
[NEW] mcSpeed=22 mcServo=104 buzzer=0
[TX] aa 00 16 00 68 00 dd 
[NEW] mcSpeed=22 mcServo=104 buzzer=0
[TX] aa 00 16 00 68 00 dd 
[NEW] mcSpeed=22 mcServo=103 buzzer=0
[TX] aa 00 16 00 67 00 dd 
[NEW] mcSpeed=22 mcServo=103 buzzer=0
[TX] aa 00 16 00 67 00 dd 
[NEW] mcSpeed=22 mcServo=104 buzzer=0
[TX] aa 00 16 00 68 00 dd 
[NEW] mcSpeed=22 mcServo=104 buzzer=0
[TX] aa 00 16 00 68 00 dd 
[NEW] mcSpeed=22 mcServo=104 buzzer=0
[TX] aa 00 16 00 68 00 dd 
[NEW] mcSpeed=22 mcServo=104 buzzer=0
[TX] aa 00 16 00 68 00 dd 
[NEW] mcSpeed=22 mcServo=105 buzzer=0
[TX] aa 00 16 00 69 00 dd 
[NEW] mcSpeed=22 mcServo=104 buzzer=0
[TX] aa 00 16 00 68 00 dd 
[NEW] mcSpeed=22 mcServo=104 buzzer=0
[TX] aa 00 16 00 68 00 dd 
[NEW] mcSpeed=22 mcServo=105 buzzer=0
[TX] aa 00 16 00 69 00 dd 
[NEW] mcSpeed=22 mcServo=105 buzzer=0
[TX] aa 00 16 00 69 00 dd 
[NEW] mcSpeed=22 mcServo=93 buzzer=0
[TX] aa 00 16 00 5d 00 dd 
[NEW] mcSpeed=22 mcServo=94 buzzer=0
[TX] aa 00 16 00 5e 00 dd 
[NEW] mcSpeed=22 mcServo=97 buzzer=0
[TX] aa 00 16 00 61 00 dd 
[NEW] mcSpeed=22 mcServo=97 buzzer=0
[TX] aa 00 16 00 61 00 dd 
[NEW] mcSpeed=22 mcServo=108 buzzer=0
[TX] aa 00 16 00 6c 00 dd 
[NEW] mcSpeed=22 mcServo=108 buzzer=0
[TX] aa 00 16 00 6c 00 dd 
[NEW] mcSpeed=22 mcServo=105 buzzer=0
[TX] aa 00 16 00 69 00 dd 
[NEW] mcSpeed=22 mcServo=107 buzzer=0
[TX] aa 00 16 00 6b 00 dd 
[NEW] mcSpeed=22 mcServo=105 buzzer=0
[TX] aa 00 16 00 69 00 dd 
[NEW] mcSpeed=22 mcServo=107 buzzer=0
[TX] aa 00 16 00 6b 00 dd 
[NEW] mcSpeed=22 mcServo=105 buzzer=0
[TX] aa 00 16 00 69 00 dd 
[NEW] mcSpeed=22 mcServo=107 buzzer=0
[TX] aa 00 16 00 6b 00 dd 
[NEW] mcSpeed=22 mcServo=106 buzzer=0
[TX] aa 00 16 00 6a 00 dd 
[NEW] mcSpeed=22 mcServo=106 buzzer=0
[TX] aa 00 16 00 6a 00 dd 
[NEW] mcSpeed=22 mcServo=107 buzzer=0
[TX] aa 00 16 00 6b 00 dd 
[NEW] mcSpeed=22 mcServo=106 buzzer=0
[TX] aa 00 16 00 6a 00 dd 
[NEW] mcSpeed=22 mcServo=107 buzzer=0
[TX] aa 00 16 00 6b 00 dd 
[NEW] mcSpeed=22 mcServo=107 buzzer=0
[TX] aa 00 16 00 6b 00 dd 
[NEW] mcSpeed=22 mcServo=106 buzzer=0
[TX] aa 00 16 00 6a 00 dd 
[NEW] mcSpeed=22 mcServo=106 buzzer=0
[TX] aa 00 16 00 6a 00 dd 
[NEW] mcSpeed=22 mcServo=107 buzzer=0
[TX] aa 00 16 00 6b 00 dd 
[NEW] mcSpeed=22 mcServo=107 buzzer=0
[TX] aa 00 16 00 6b 00 dd 
[NEW] mcSpeed=22 mcServo=106 buzzer=0
[TX] aa 00 16 00 6a 00 dd 
[NEW] mcSpeed=22 mcServo=95 buzzer=0
[TX] aa 00 16 00 5f 00 dd 
[NEW] mcSpeed=22 mcServo=90 buzzer=0
[TX] aa 00 16 00 5a 00 dd 
[NEW] mcSpeed=22 mcServo=91 buzzer=0
[TX] aa 00 16 00 5b 00 dd 
[NEW] mcSpeed=22 mcServo=91 buzzer=0
[TX] aa 00 16 00 5b 00 dd 
[NEW] mcSpeed=22 mcServo=91 buzzer=0
[TX] aa 00 16 00 5b 00 dd 
[NEW] mcSpeed=22 mcServo=90 buzzer=0
[TX] aa 00 16 00 5a 00 dd 
[NEW] mcSpeed=22 mcServo=90 buzzer=0
[TX] aa 00 16 00 5a 00 dd 
[NEW] mcSpeed=22 mcServo=90 buzzer=0
[TX] aa 00 16 00 5a 00 dd 
[NEW] mcSpeed=22 mcServo=90 buzzer=0
[TX] aa 00 16 00 5a 00 dd 
[NEW] mcSpeed=22 mcServo=91 buzzer=0
[TX] aa 00 16 00 5b 00 dd 
[NEW] mcSpeed=22 mcServo=91 buzzer=0
[TX] aa 00 16 00 5b 00 dd 
[NEW] mcSpeed=22 mcServo=93 buzzer=0
[TX] aa 00 16 00 5d 00 dd 
[NEW] mcSpeed=22 mcServo=92 buzzer=0
[TX] aa 00 16 00 5c 00 dd 
[NEW] mcSpeed=22 mcServo=91 buzzer=0
[TX] aa 00 16 00 5b 00 dd 
[NEW] mcSpeed=22 mcServo=92 buzzer=0
[TX] aa 00 16 00 5c 00 dd 
[NEW] mcSpeed=22 mcServo=92 buzzer=0
[TX] aa 00 16 00 5c 00 dd 
[NEW] mcSpeed=22 mcServo=92 buzzer=0
[TX] aa 00 16 00 5c 00 dd 
[NEW] mcSpeed=22 mcServo=91 buzzer=0
[TX] aa 00 16 00 5b 00 dd 
[NEW] mcSpeed=22 mcServo=91 buzzer=0
[TX] aa 00 16 00 5b 00 dd 
[NEW] mcSpeed=22 mcServo=91 buzzer=0
[TX] aa 00 16 00 5b 00 dd 
[NEW] mcSpeed=22 mcServo=91 buzzer=0
[TX] aa 00 16 00 5b 00 dd 
[NEW] mcSpeed=22 mcServo=91 buzzer=0
[TX] aa 00 16 00 5b 00 dd 
[NEW] mcSpeed=22 mcServo=91 buzzer=0
[TX] aa 00 16 00 5b 00 dd 
[NEW] mcSpeed=22 mcServo=91 buzzer=0
[TX] aa 00 16 00 5b 00 dd 
[NEW] mcSpeed=22 mcServo=91 buzzer=0
[TX] aa 00 16 00 5b 00 dd 
[NEW] mcSpeed=22 mcServo=91 buzzer=0
[TX] aa 00 16 00 5b 00 dd 
[NEW] mcSpeed=22 mcServo=91 buzzer=0
[TX] aa 00 16 00 5b 00 dd 
[NEW] mcSpeed=22 mcServo=91 buzzer=0
[TX] aa 00 16 00 5b 00 dd 
[NEW] mcSpeed=22 mcServo=91 buzzer=0
[TX] aa 00 16 00 5b 00 dd 
[NEW] mcSpeed=22 mcServo=91 buzzer=0
[TX] aa 00 16 00 5b 00 dd 
[NEW] mcSpeed=22 mcServo=91 buzzer=0
[TX] aa 00 16 00 5b 00 dd 
[NEW] mcSpeed=22 mcServo=91 buzzer=0
[TX] aa 00 16 00 5b 00 dd 
[NEW] mcSpeed=22 mcServo=91 buzzer=0
[TX] aa 00 16 00 5b 00 dd 
[NEW] mcSpeed=22 mcServo=91 buzzer=0
[TX] aa 00 16 00 5b 00 dd 
[NEW] mcSpeed=22 mcServo=91 buzzer=0
[TX] aa 00 16 00 5b 00 dd 
[NEW] mcSpeed=22 mcServo=91 buzzer=0
[TX] aa 00 16 00 5b 00 dd 
[NEW] mcSpeed=22 mcServo=91 buzzer=0
[TX] aa 00 16 00 5b 00 dd 
[NEW] mcSpeed=22 mcServo=90 buzzer=0
[TX] aa 00 16 00 5a 00 dd 
[NEW] mcSpeed=22 mcServo=91 buzzer=0
[TX] aa 00 16 00 5b 00 dd 
[NEW] mcSpeed=22 mcServo=90 buzzer=0
[TX] aa 00 16 00 5a 00 dd 
[NEW] mcSpeed=22 mcServo=90 buzzer=0
[TX] aa 00 16 00 5a 00 dd 
[NEW] mcSpeed=22 mcServo=90 buzzer=0
[TX] aa 00 16 00 5a 00 dd 
[NEW] mcSpeed=22 mcServo=90 buzzer=0
[TX] aa 00 16 00 5a 00 dd 
[NEW] mcSpeed=22 mcServo=90 buzzer=0
[TX] aa 00 16 00 5a 00 dd 
[NEW] mcSpeed=22 mcServo=90 buzzer=0
[TX] aa 00 16 00 5a 00 dd 
[NEW] mcSpeed=22 mcServo=90 buzzer=0
[TX] aa 00 16 00 5a 00 dd 
[NEW] mcSpeed=22 mcServo=90 buzzer=0
[TX] aa 00 16 00 5a 00 dd 
[NEW] mcSpeed=22 mcServo=90 buzzer=0
[TX] aa 00 16 00 5a 00 dd 
[NEW] mcSpeed=22 mcServo=90 buzzer=0
[TX] aa 00 16 00 5a 00 dd 
[NEW] mcSpeed=22 mcServo=90 buzzer=0
[TX] aa 00 16 00 5a 00 dd 
[NEW] mcSpeed=22 mcServo=90 buzzer=0
[TX] aa 00 16 00 5a 00 dd 
[NEW] mcSpeed=22 mcServo=90 buzzer=0
[TX] aa 00 16 00 5a 00 dd 
[NEW] mcSpeed=22 mcServo=90 buzzer=0
[TX] aa 00 16 00 5a 00 dd 
[NEW] mcSpeed=22 mcServo=90 buzzer=0
[TX] aa 00 16 00 5a 00 dd 
[NEW] mcSpeed=22 mcServo=90 buzzer=1
[TX] aa 00 16 00 5a 01 dd 
[STATUS] lap=3 mode=NORMAL speed=0.40 servo=1494 center=0.0
[NEW] mcSpeed=36 mcServo=90 buzzer=0
[TX] aa 00 24 00 5a 00 dd 
[NEW] mcSpeed=36 mcServo=90 buzzer=0
[TX] aa 00 24 00 5a 00 dd 
[NEW] mcSpeed=36 mcServo=90 buzzer=0
[TX] aa 00 24 00 5a 00 dd 
[NEW] mcSpeed=36 mcServo=90 buzzer=0
[TX] aa 00 24 00 5a 00 dd 
[NEW] mcSpeed=36 mcServo=90 buzzer=0
[TX] aa 00 24 00 5a 00 dd 
[NEW] mcSpeed=36 mcServo=90 buzzer=0
[TX] aa 00 24 00 5a 00 dd 
[NEW] mcSpeed=36 mcServo=90 buzzer=0
[TX] aa 00 24 00 5a 00 dd 
[NEW] mcSpeed=36 mcServo=90 buzzer=0
[TX] aa 00 24 00 5a 00 dd 
[NEW] mcSpeed=36 mcServo=90 buzzer=0
[TX] aa 00 24 00 5a 00 dd 
[NEW] mcSpeed=36 mcServo=90 buzzer=0
[TX] aa 00 24 00 5a 00 dd 
[NEW] mcSpeed=45 mcServo=90 buzzer=0
[TX] aa 00 2d 00 5a 00 dd 
[NEW] mcSpeed=45 mcServo=90 buzzer=0
[TX] aa 00 2d 00 5a 00 dd 
[NEW] mcSpeed=45 mcServo=90 buzzer=0
[TX] aa 00 2d 00 5a 00 dd 
[NEW] mcSpeed=45 mcServo=90 buzzer=0
[TX] aa 00 2d 00 5a 00 dd 
[NEW] mcSpeed=45 mcServo=90 buzzer=0
[TX] aa 00 2d 00 5a 00 dd 
[NEW] mcSpeed=45 mcServo=90 buzzer=0
[TX] aa 00 2d 00 5a 00 dd 
[NEW] mcSpeed=45 mcServo=90 buzzer=0
[TX] aa 00 2d 00 5a 00 dd 
[NEW] mcSpeed=45 mcServo=90 buzzer=0
[TX] aa 00 2d 00 5a 00 dd 
[NEW] mcSpeed=45 mcServo=90 buzzer=0
[TX] aa 00 2d 00 5a 00 dd 
[NEW] mcSpeed=45 mcServo=89 buzzer=0
[TX] aa 00 2d 00 59 00 dd 
[NEW] mcSpeed=36 mcServo=90 buzzer=1
[TX] aa 00 24 00 5a 01 dd 
[NEW] mcSpeed=36 mcServo=89 buzzer=0
[TX] aa 00 24 00 59 00 dd 
[NEW] mcSpeed=36 mcServo=89 buzzer=0
[TX] aa 00 24 00 59 00 dd 
[NEW] mcSpeed=36 mcServo=89 buzzer=0
[TX] aa 00 24 00 59 00 dd 
[NEW] mcSpeed=36 mcServo=89 buzzer=0
[TX] aa 00 24 00 59 00 dd 
[NEW] mcSpeed=36 mcServo=88 buzzer=0
[TX] aa 00 24 00 58 00 dd 
[NEW] mcSpeed=36 mcServo=89 buzzer=0
[TX] aa 00 24 00 59 00 dd 
[NEW] mcSpeed=36 mcServo=88 buzzer=0
[TX] aa 00 24 00 58 00 dd 
[NEW] mcSpeed=36 mcServo=89 buzzer=0
[TX] aa 00 24 00 59 00 dd 
[NEW] mcSpeed=45 mcServo=89 buzzer=1
[TX] aa 00 2d 00 59 01 dd 
[NEW] mcSpeed=45 mcServo=89 buzzer=0
[TX] aa 00 2d 00 59 00 dd 
[NEW] mcSpeed=45 mcServo=89 buzzer=0
[TX] aa 00 2d 00 59 00 dd 
[NEW] mcSpeed=45 mcServo=89 buzzer=0
[TX] aa 00 2d 00 59 00 dd 
[NEW] mcSpeed=45 mcServo=90 buzzer=0
[TX] aa 00 2d 00 5a 00 dd 
[NEW] mcSpeed=45 mcServo=90 buzzer=0
[TX] aa 00 2d 00 5a 00 dd 
[NEW] mcSpeed=45 mcServo=92 buzzer=0
[TX] aa 00 2d 00 5c 00 dd 
[NEW] mcSpeed=45 mcServo=90 buzzer=0
[TX] aa 00 2d 00 5a 00 dd 
[NEW] mcSpeed=45 mcServo=88 buzzer=0
[TX] aa 00 2d 00 58 00 dd 
[NEW] mcSpeed=45 mcServo=90 buzzer=0
[TX] aa 00 2d 00 5a 00 dd 
[STATUS] lap=3 mode=NORMAL speed=0.50 servo=1511 center=0.3
[NEW] mcSpeed=45 mcServo=90 buzzer=0
[TX] aa 00 2d 00 5a 00 dd 
[NEW] mcSpeed=45 mcServo=89 buzzer=0
[TX] aa 00 2d 00 59 00 dd 
[NEW] mcSpeed=45 mcServo=90 buzzer=0
[TX] aa 00 2d 00 5a 00 dd 
[NEW] mcSpeed=36 mcServo=90 buzzer=1
[TX] aa 00 24 00 5a 01 dd 
[NEW] mcSpeed=0 mcServo=90 buzzer=0
[TX] aa 00 00 00 5a 00 dd 
[NEW] mcSpeed=0 mcServo=90 buzzer=0
[TX] aa 00 00 00 5a 00 dd 
[NEW] mcSpeed=0 mcServo=91 buzzer=0
[TX] aa 00 00 00 5b 00 dd 
[NEW] mcSpeed=0 mcServo=91 buzzer=0
[TX] aa 00 00 00 5b 00 dd 
[NEW] mcSpeed=0 mcServo=92 buzzer=0
[TX] aa 00 00 00 5c 00 dd 
[NEW] mcSpeed=0 mcServo=91 buzzer=0
[TX] aa 00 00 00 5b 00 dd 
[NEW] mcSpeed=0 mcServo=92 buzzer=0
[TX] aa 00 00 00 5c 00 dd 
[NEW] mcSpeed=0 mcServo=92 buzzer=0
[TX] aa 00 00 00 5c 00 dd 
[NEW] mcSpeed=0 mcServo=92 buzzer=0
[TX] aa 00 00 00 5c 00 dd 
[NEW] mcSpeed=0 mcServo=92 buzzer=0
[TX] aa 00 00 00 5c 00 dd 
[NEW] mcSpeed=0 mcServo=91 buzzer=0
[TX] aa 00 00 00 5b 00 dd 
[NEW] mcSpeed=0 mcServo=92 buzzer=0
[TX] aa 00 00 00 5c 00 dd 
[NEW] mcSpeed=0 mcServo=91 buzzer=0
[TX] aa 00 00 00 5b 00 dd 
[NEW] mcSpeed=0 mcServo=91 buzzer=0
[TX] aa 00 00 00 5b 00 dd 
[NEW] mcSpeed=0 mcServo=91 buzzer=0
[TX] aa 00 00 00 5b 00 dd 
[NEW] mcSpeed=0 mcServo=91 buzzer=0
[TX] aa 00 00 00 5b 00 dd 
[NEW] mcSpeed=0 mcServo=91 buzzer=0
[TX] aa 00 00 00 5b 00 dd 
[NEW] mcSpeed=0 mcServo=91 buzzer=0
[TX] aa 00 00 00 5b 00 dd 
[NEW] mcSpeed=0 mcServo=91 buzzer=0
[TX] aa 00 00 00 5b 00 dd 
[NEW] mcSpeed=0 mcServo=91 buzzer=0
[TX] aa 00 00 00 5b 00 dd 
[NEW] mcSpeed=0 mcServo=91 buzzer=0
[TX] aa 00 00 00 5b 00 dd 
[NEW] mcSpeed=0 mcServo=91 buzzer=0
[TX] aa 00 00 00 5b 00 dd 
[NEW] mcSpeed=0 mcServo=91 buzzer=0
[TX] aa 00 00 00 5b 00 dd 
[NEW] mcSpeed=0 mcServo=91 buzzer=0
[TX] aa 00 00 00 5b 00 dd 
[NEW] mcSpeed=0 mcServo=91 buzzer=0
[TX] aa 00 00 00 5b 00 dd 
[NEW] mcSpeed=0 mcServo=91 buzzer=0
[TX] aa 00 00 00 5b 00 dd 
[NEW] mcSpeed=0 mcServo=91 buzzer=0
[TX] aa 00 00 00 5b 00 dd 
[NEW] mcSpeed=0 mcServo=91 buzzer=0
[TX] aa 00 00 00 5b 00 dd 
[NEW] mcSpeed=0 mcServo=91 buzzer=0
[TX] aa 00 00 00 5b 00 dd 
[NEW] mcSpeed=0 mcServo=91 buzzer=0
[TX] aa 00 00 00 5b 00 dd 
[NEW] mcSpeed=0 mcServo=91 buzzer=0
[TX] aa 00 00 00 5b 00 dd 
[NEW] mcSpeed=0 mcServo=91 buzzer=0
[TX] aa 00 00 00 5b 00 dd 
[NEW] mcSpeed=0 mcServo=91 buzzer=0
[TX] aa 00 00 00 5b 00 dd 
[NEW] mcSpeed=0 mcServo=91 buzzer=0
[TX] aa 00 00 00 5b 00 dd 
[NEW] mcSpeed=0 mcServo=91 buzzer=0
[TX] aa 00 00 00 5b 00 dd 
[NEW] mcSpeed=0 mcServo=91 buzzer=0
[TX] aa 00 00 00 5b 00 dd 
[NEW] mcSpeed=0 mcServo=91 buzzer=0
[TX] aa 00 00 00 5b 00 dd 
[NEW] mcSpeed=0 mcServo=91 buzzer=0
[TX] aa 00 00 00 5b 00 dd 
[NEW] mcSpeed=0 mcServo=91 buzzer=0
[TX] aa 00 00 00 5b 00 dd 
[NEW] mcSpeed=0 mcServo=91 buzzer=0
[TX] aa 00 00 00 5b 00 dd 
[NEW] mcSpeed=0 mcServo=91 buzzer=0
[TX] aa 00 00 00 5b 00 dd 
[NEW] mcSpeed=0 mcServo=91 buzzer=0
[TX] aa 00 00 00 5b 00 dd 
[NEW] mcSpeed=0 mcServo=91 buzzer=0
[TX] aa 00 00 00 5b 00 dd 
[NEW] mcSpeed=0 mcServo=91 buzzer=0
[TX] aa 00 00 00 5b 00 dd 
[NEW] mcSpeed=0 mcServo=91 buzzer=0
[TX] aa 00 00 00 5b 00 dd 
[NEW] mcSpeed=0 mcServo=91 buzzer=0
[TX] aa 00 00 00 5b 00 dd 
[NEW] mcSpeed=0 mcServo=91 buzzer=0
[TX] aa 00 00 00 5b 00 dd 
[NEW] mcSpeed=0 mcServo=91 buzzer=0
[TX] aa 00 00 00 5b 00 dd 
[NEW] mcSpeed=0 mcServo=91 buzzer=0
[TX] aa 00 00 00 5b 00 dd 
[Cross] Cross #3 detected (currentLap=3)
[Cross] Cross fully passed, stopping vehicle...
[Cross] Last lap completed, exiting...
